Workbook

Sheet EVOLUTION BEURRE
B1: Motte | E1: Tourage
B2: Fuseau | C2: Back Europ | D2: Richard | E2: Fuseau | F2: Back Europ | G2: Richard
A3: 45576 | F3: 10.49
A4: 45572 | B4: 9.2 | E4: 11.13
A5: 45586 | B5: 8.3 | C5: 9.89 | D5: 8.82 | E5: 11.31 | F5: 10.49 | G5: 8.95
A6: 45583 | B6: 9.2
A7: 45565 | C7: 8.92 | F7: 9.28
A8: 45575 | C8: 9.89 | F8: 10.49 | G8: 8.95
A9: 45568 | G9: 9.899
A10: 45572 | D10: 8.924 | F10: 9.28

Sheet MERCURIALE -5%
A1: Ref interne | B1: Produits
A3: FRU15 | B3: Abricot 1/2 pelé sirop 5/1 | C3: 9.88 | D3: =+C3*0.94 -> 9.2872
A4: FRU16 | B4: Abricot Cube 5/5mms 4kg | C4: 8.34 | D4: =+C4*0.94 -> 7.8396
A5: FRU14 | B5: Abricot Sirop 3/1 | C5: 7.27 | D5: =+C5*0.94 -> 6.8338
A6: FRU13 | B6: Abricot sirop 5/1 | C6: 9.75 | D6: =+C6*0.94 -> 9.165
A7: PATISS37 | B7: Acide citrique poudre L.François 1kG | C7: 12.441 | D7: =+C7*0.94 -> 11.69454
A8: DIV082 | B8: Agent Démoulage Aerosol 500mL | C8: 2.75 | D8: =+C8*0.94 -> 2.585
A9: CHA18 | B9: Aiguillette poulet panée 1kG | C9: 7.24 | D9: =+C9*0.94 -> 6.8056
A10: CHA09 | B10: Aiguillettes P.Pané CORNFLAKES 1kG | C10: 7.8 | D10: =+C10*0.94 -> 7.332
A11: SNA19 | B11: Ail surgelé 4kg | C11: 18.5 | D11: =+C11*0.94 -> 17.39
A12: FRO17 | B12: Ail/fine herbe 500g | C12: 4.48 | D12: =+C12*0.94 -> 4.2112
A13: PATISS14 | B13: Amande entière 1kg | C13: 6.9 | D13: =+C13*0.94 -> 6.486
A14: PATISS12 | B14: Amande hachée 1kG | C14: 7.51 | D14: =+C14*0.94 -> 7.0594
... A16: FRU03 | B16: Amande poudre blanche 10kg | C16: 5.24 | D16: =+C16*0.94 -> 4.9256
B17: Amande poudre grise 10kg | C17: 5.31 | D17: =+C17*0.94 -> 4.9914
A18: PATISS11 | B18: Amandes effilée 5kG | C18: 5.15 | D18: =+C18*0.94 -> 4.841
A19: FRU17 | B19: Amandes emondées 1kG | C19: 6.89 | D19: =+C19*0.94 -> 6.4766
A20: PATISS15 | B20: Amandes poudre grise | C20: 5.31 | D20: =+C20*0.94 -> 4.9914
A21: FAR02 | B21: Améliorant Ibis Violet 10kg | C21: 6.83 | D21: =+C21*0.94 -> 6.4202
A22: PATISS28 | B22: Amidon Mais Seau 5kG | C22: 2.41 | D22: =+C22*0.94 -> 2.2654
A23: FRU19 | B23: Ananas Morceaux cube 1kG | C23: 4.77 | D23: =+C23*0.94 -> 4.4838
A24: PATISS73 | B24: Arome Café Brésilien 1L SEBALSE | C24: 17.9 | D24: =+C24*0.94 -> 16.826
B25: Arôme Chocolat
A26: PATISS74 | B26: Arome Vanille Boulpat 1L SEBALSE | C26: 8.79 | D26: =+C26*0.95 -> 8.3505
A27: DIV092 | B27: Assiette Sav ronde noire 88mns | C27: 0.08 | D27: =+C27*0.95 -> 0.076
A28: CHA10 | B28: Bacon tranche 1kG | C28: 10.6 | D28: =+C28*0.95 -> 10.07
A29: BOISS36 | B29: Badoit 33cL | D29: =+C29*0.95 -> 0
A30: LEG006 | B30: Banane | C30: 1.5 | D30: =+C30*0.95 -> 1.425
A31: PATISS22 | B31: Bâton chocolat 36cm 5kG | C31: 9.27 | D31: =+C31*0.95 -> 8.8065
A32: CREM19 | B32: Beurre 1/2 SEL VROUGE 80% 500g | C32: 4.63 | D32: =+C32*0.95 -> 4.3985
A33: CREM14 | B33: Beurre 82% Motte 10kG | C33: 8.3 | D33: =+C33*0.95 -> 7.885
A34: CREM15 | B34: Beurre 82% Motte 25kG | C34: 8.23 | D34: =+C34*0.95 -> 7.8185
A35: CREM16 | B35: Beurre Demi Sel 1kG | C35: 7.34 | D35: =+C35*0.95 -> 6.973
A36: CREM17 | B36: Beurre Tourage 10kG | C36: 9.1 | D36: =+C36*0.95 -> 8.645
A37: BOISS32 | B37: Bière Heineken 33cL | C37: 0.65 | D37: =+C37*0.95 -> 0.6175
A38: FRU25 | B38: Bigarreaux Sirop 4/4 | C38: 2.18 | D38: =+C38*0.95 -> 2.071
A39: OEU02 | B39: Blanc Œuf Liquide 1kG | C39: 3.51 | D39: =+C39*0.95 -> 3.3345
A40: FRO05 | B40: Bleu cube 1,3kg | C40: 13.19 | D40: =+C40*0.95 -> 12.5305
A41: DIV087 | B41: Bobine Papier 450 feuilles | C41: 2.53 | D41: =+C41*0.95 -> 2.4035
A42: DIV044 | B42: Boîte Burger | C42: 7.49 | D42: =+C42*0.95 -> 7.1155
B43: Bougies diverses | C43: 6.7 | D43: =+C43*0.95 -> 6.365
A44: FRO07 | B44: Brie kG | C44: 8.84 | D44: =+C44*0.95 -> 8.398 | F44: 80 paquets par mois
A45: PATISS80 | B45: Brisure de daim | C45: 25.897 | D45: =+C45*0.95 -> 24.60215
B46: Brisure M&M's | C46: 17.5 | D46: =+C46*0.95 -> 16.625
A47: PATISS66 | B47: Cacahuète grilléees non salé 1kg | C47: 3.95 | D47: =+C47*0.95 -> 3.7525
A48: PATISS71 | B48: Cacao Poudre 3kg | C48: 22.5 | D48: =+C48*0.95 -> 21.375
A49: DIV033 | B49: Café Trablit bouteille 1L | C49: 26.5 | D49: =+C49*0.95 -> 25.175
A50: DIV032 | B50: Café moulu Tradition 1kG | C50: 16.88 | D50: =+C50*0.95 -> 16.036
A51: DIV020 | B51: Caiss calypso fond brun | C51: 42.8 | D51: =+C51*0.95 -> 40.66
A52: DIV043 | B52: Cagette carton | C52: 32.58 | D52: =+C52*0.95 -> 30.951
B53: Caissette Calypso Fond Brun 88 | C53: 0.02 | D53: =+C53*0.95 -> 0.019
A54: DIV021 | B54: Caiss calypso fond noir | C54: 16.62 | D54: =+C54*0.95 -> 15.789
A55: DIV042 | B55: Caiss Fond tarte 1553 D.190*30 | C55: 74.46 | D55: =+C55*0.95 -> 70.737
B56: Caissette Ronde 1201F70
A57: DIV045 | B57: Caissette papier Archeduc | C57: 4.39 | D57: =+C57*0.95 -> 4.1705
A58: DIV022 | B58: Caissette pâtissière blanche 14 | C58: 3.79 | D58: =+C58*0.95 -> 3.6005
A59: DIV023 | B59: Caissette pâtissière blanche 16 | C59: 4.29 | D59: =+C59*0.95 -> 4.0755
A60: DIV024 | B60: Caissette pâtissière blanche 18 | C60: 4.49 | D60: =+C60*0.95 -> 4.2655
A61: DIV025 | B61: Caissette pâtissière blanche 20 | C61: 5.15 | D61: =+C61*0.95 -> 4.8925
B62: Caissette savarin baba | C62: 42.644 | D62: =+C62*0.95 -> 40.5118
A63: DIV061 | B63: Caissette Tulipcup marron 150/50 | C63: 0.04 | D63: =+C63*0.95 -> 0.038
B64: Camembert | C64: 1.73 | D64: =+C64*0.95 -> 1.6435
B65: Capre capucine au vinaigre | C65: 4.4 | D65: =+C65*0.95 -> 4.18
A66: BOISS33 | B66: Capri-Sul multi vitaminé 20cL | C66: 0.376 | D66: =+C66*0.95 -> 0.3572
A67: DIV034 | B67: Cartouche Gaz 360mL | C67: 2.5 | D67: =+C67*0.95 -> 2.375
A68: LEG017 | B68: Carotte sac | C68: 1.2 | D68: =+C68*0.95 -> 1.14
A69: DIV029 | B69: Carré Noir / Or 16x16 | C69: 4.55 | D69: =+C69*0.95 -> 4.3225
A70: DIV030 | B70: Carré Noir / Or 20x20 | C70: 6.29 | D70: =+C70*0.95 -> 5.9755
A71: DIV026 | B71: Carré rainé 13cm | C71: 3.39 | D71: =+C71*0.95 -> 3.2205
A72: DIV027 | B72: Carré rainé 15cm | C72: 3.85 | D72: =+C72*0.95 -> 3.6575
A73: DIV028 | B73: Carré rainé 17cm | C73: 5.39 | D73: =+C73*0.95 -> 5.1205
A74: PATISS65 | B74: Cerneaux invalides arlequins 10kg | C74: 5.09 | D74: =+C74*0.95 -> 4.8355
A75: CHA25 | B75: Champignon Hotel 5/1 BROVER | C75: 9.8 | D75: =+C75*0.95 -> 9.31
A76: FRO06 | B76: Cheddar (84 tranches) | C76: 8.96 | D76: =+C76*0.95 -> 8.512 | F76: 20 paq. / mois
B77: Cheddar rouge | C77: 7.68 | D77: =+C77*0.95 -> 7.296
A78: FRO13 | B78: Chèvre Tranche 42mm 1,3kG | C78: 12.69 | D78: =+C78*0.95 -> 12.0555
A79: PATISS36 | B79: Chocopat seau 5kg | C79: 6.94 | D79: =+C79*0.95 -> 6.593
A80: FRO14 | B80: Chèvre Tranche 60mm 1,1kG | C80: 15.45 | D80: =+C80*0.95 -> 14.6775
A81: FRO15 | B81: Chèvre Tranche 78mm 0,5kg | C81: 7.62 | D81: =+C81*0.95 -> 7.239
A82: SNA08 | B82: Chips nature | C82: 0.39 | D82: =+C82*0.95 -> 0.3705
A83: CHA20 | B83: Chorizo grande tranches | C83: 5.47 | D83: =+C83*0.95 -> 5.1965
A84: CHA19 | B84: Chorizo Lanières 500g | C84: 4.49 | D84: =+C84*0.95 -> 4.2655
A85: CHA33 | B85: Chute Saumon fumé Sauvage LABEYRIE 1kG | C85: 12.5 | D85: =+C85*0.95 -> 11.875
A86: LEG016 | B86: Chou rouge | C86: 1.5 | D86: =+C86*0.95 -> 1.425
B87: Ciboulette 1kg | C87: 5.99 | D87: =+C87*0.95 -> 5.6905
A88: FRU29 | B88: Citron presse 10 litres | C88: 2.66 | D88: =+C88*0.95 -> 2.527
A89: LEG011 | B89: Citron jaune | C89: 1.95 | D89: =+C89*0.95 -> 1.8525
A90: BOISS19 | B90: Coca Cola 1,25l | C90: 1.6 | D90: =+C90*0.95 -> 1.52
A91: LEG012 | B91: Citron vert | C91: 2.95 | D91: =+C91*0.95 -> 2.8025
A92: LEG009 | B92: Clementine | C92: 1.95 | D92: =+C92*0.95 -> 1.8525
A93: BOISS20 | B93: Coca Cola 0% 33cl | C93: 0.574 | D93: =+C93*0.95 -> 0.5453
A94: BOISS17 | B94: Coca Cola 33cL | C94: 0.62 | D94: =+C94*0.95 -> 0.589
A95: BOISS18 | B95: Coca Cola 50cL | C95: 0.89 | D95: =+C95*0.95 -> 0.8455
A96: FRU20 | B96: Cocktail 6 Fruits Rouges | C96: 3.8 | D96: =+C96*0.95 -> 3.61
A97: BOISS21 | B97: Coca Cola Cherry 33cl | C97: 0.66 | D97: =+C97*0.95 -> 0.627
B98: Colorant Intense Jaune | C98: 10.23 | D98: =+C98*0.95 -> 9.7185
A99: DIV097 | B99: Colorant Intense Rouge Père Noel | C99: 8.64 | D99: =+C99*0.95 -> 8.208
A100: DIV098 | B100: Colorant Intense Rouge Royal | C100: 15.17 | D100: =+C100*0.95 -> 14.4115
A101: PATISS24 | B101: Compote 33% 5/1 UNL | C101: 7.7 | D101: =+C101*0.95 -> 7.315
A102: PATISS23 | B102: Compote de pomme 26% | C102: 6.97 | D102: =+C102*0.95 -> 6.6215
...

Sheet SUIVI STOCKS LEBHAR
C1: Stock | D1: Conso N | E1: Conso N-1
A2: Boîtage | B2: Boîte 23*8 Gaufrage
B3: Boîte 18*8
B4: Boîte 20*8
B5: Boîte 23*8
B6: Boîte 26*8
B7: Boîte 29*8
A8: Sachets | B8: Taille 4
B9: Taille 6
B10: Taille 7
A11: Mousseline | B11: Mouss 20*30
B12: Mouss 30*40
B13: Mouss 40*60
A14: Baguette | B14: 100*60
B15: 140*60
B16: 260*75
B17: Sandwich Plastifié

Sheet TARIFS 12 2025
A1: Ref interne | B1: Produits | C1: Cond | D1: Fuseau | E1: BackEurop | F1: Team Ouest | G1: Autres | H1: Richard Distribution | I1: FOURNISSEUR SELEC | J1: TARIF
A3: FRU15 | B3: Abricot 1/2 pelé sirop 5/1 | C3: 1 | D3: 9.88 | I3: Fuseau | J3: 9.88
A4: FRU16 | B4: Abricot Cube 5/5mms 4kg | C4: 1 | D4: 8.34 | I4: Fuseau | J4: 8.34
A5: FRU14 | B5: Abricot Sirop 3/1 | C5: 1 | E5: 7.266 | H5: 5.855 | I5: Richard Distribution | J5: 5.855
A6: FRU13 | B6: Abricot sirop 5/1 | C6: 1 | D6: 9.88 | E6: 12.366 | H6: 9.75 | I6: Richard Distribution | J6: 9.75
A7: PATISS37 | B7: Acide citrique poudre L.François 1kG | C7: 1 | E7: 12.441 | I7: BackEurop THOMAS | J7: 12.441
A8: DIV082 | B8: Agent Démoulage Aerosol 500mL | C8: 1 | D8: 2.95 | E8: 2.961 | I8: Fuseau | J8: 2.75
A9: CHA18 | B9: Aiguillette poulet panée 1kG | C9: 1 | D9: 8.69 | E9: 7.55 | F9: 7.55 | I9: BackEurop THOMAS | J9: 7.24
A10: CHA09 | B10: Aiguillettes P.Pané CORNFLAKES 1kG | C10: 1 | D10: 7.8 | E10: 8.162 | F10: 8.1 | H10: 7.3 | I10: Richard Distribution | J10: 7.3
A11: SNA19 | B11: Ail surgelé 4kg | C11: 4 | D11: 18.5 | H11: =4.3*4 -> 17.2 | I11: Fuseau | J11: 17.2
A12: FRO17 | B12: Ail/fine herbe 500g | C12: 1 | D12: =8.95/2 -> 4.475 | E12: 5.134 | F12: 4.75 | I12: Fuseau | J12: 4.48
A13: PATISS14 | B13: Amande entière 1kg | C13: 1 | D13: 6.9 | E13: 7.32 | I13: Fuseau | J13: 6.9
A14: PATISS12 | B14: Amande hachée 1kG | C14: 1 | D14: 9.52 | E14: 7.509 | I14: BackEurop THOMAS | J14: 7.51
A15: PATISS13 | B15: Amande hachée 5kG | C15: 1 | E15: 9.805 | H15: 6.25 | I15: Richard Distribution | J15: 6.25
A16: FRU03 | B16: Amande poudre blanche 10kg | C16: 10 | D16: 5.24 | E16: 9.11 | I16: Fuseau | J16: 5.24
B17: Amande poudre grise 10kg | C17: 10 | D17: 5.307 | E17: 8.29 | I17: Fuseau | J17: 5.31
A18: PATISS11 | B18: Amandes effilée 5kG | C18: 1 | D18: 6.2 | E18: 9.805 | H18: 5.15 | I18: Richard Distribution | J18: 5.15
A19: FRU17 | B19: Amandes emondées 1kG | C19: 1 | D19: 6.89 | E19: 7.45 | I19: Fuseau | J19: 6.89
A20: PATISS15 | B20: Amandes poudre grise | C20: 10kg | D20: 5.31 | E20: 6.29 | I20: Fuseau | J20: 5.31
A21: FAR02 | B21: Améliorant Ibis Violet 10kg | C21: 1 | D21: 7.112 | E21: 6.83 | F21: 7.7 | I21: BackEurop THOMAS | J21: 6.83
A22: PATISS28 | B22: Amidon Mais Seau 5kG | C22: 1 | D22: 5.938 | E22: 2.407 | I22: BackEurop THOMAS | J22: 2.41
A23: FRU19 | B23: Ananas Morceaux cube 1kG | C23: 1 | E23: 4.766 | I23: BackEurop THOMAS | J23: 4.77
A24: PATISS73 | B24: Arome Café Brésilien 1L SEBALSE | C24: 1 | D24: 17.9 | E24: 20.86 | I24: Fuseau | J24: 17.9
B25: Arôme Chocolat | C25: 1 | G25: 11 | I25: ? | J25: =+G25 -> 11
A26: PATISS74 | B26: Arome Vanille Boulpat 1L SEBALSE | C26: 1 | D26: 13.86 | E26: 11.196 | H26: 8.2 | I26: Richard Distribution | J26: 8.2
A27: DIV092 | B27: Assiette Sav ronde noire 88mns | C27: 100 | D27: =7.5/100 -> 0.075 | E27: =6.58/50 -> 0.1316 | I27: Fuseau | J27: 0.08
A28: CHA10 | B28: Bacon tranche 1kG | C28: 1 | D28: 12.99 | E28: 14 | F28: =5.5*2 -> 11 | H28: 10.6 | I28: Richard Distribution | J28: 10.6
A29: BOISS36 | B29: Badoit 33cL | C29: 30 | I29: Fuseau
A30: LEG006 | B30: Banane | C30: 1 | G30: 1.5 | I30: Terre et marée | J30: 1.5
A31: PATISS22 | B31: Bâton chocolat 36cm 5kG | C31: 500 | D31: 10.9 | E31: 9.46 | H31: 8.25 | I31: Richard Distribution | J31: 8.25
A32: CREM19 | B32: Beurre 1/2 SEL VROUGE 80% 500g | C32: 1 | E32: 4.63 | I32: BackEurop THOMAS | J32: 4.63
A33: CREM14 | B33: Beurre 82% Motte 10kG | C33: 1 | E33: 10.09 | I33: BackEurop THOMAS | J33: 8.3
A34: CREM15 | B34: Beurre 82% Motte 25kG | C34: 1 | D34: 5.4 | E34: 5.38 | H34: 4.8 | I34: Richard Distribution | J34: 4.8
A35: CREM16 | B35: Beurre Demi Sel 1kG | C35: 1 | D35: 7.467 | E35: 7.34 | F35: 9.393 | I35: BackEurop THOMAS | J35: 7.34
A36: CREM17 | B36: Beurre Tourage 10kG | C36: 1 | D36: 9.5 | E36: 10.34 | H36: 9.1 | I36: TransGourmet | J36: 9.1
A37: BOISS32 | B37: Bière Heineken 33cL | C37: 24 | D37: 0.699 | H37: 0.694 | I37: Fuseau | J37: 0.65
A38: FRU25 | B38: Bigarreaux Sirop 4/4 | C38: 1 | E38: 2.182 | I38: BackEurop THOMAS | J38: 2.18
A39: OEU02 | B39: Blanc Œuf Liquide 1kG | C39: 1 | D39: 3.694 | E39: 3.506 | F39: 3.2 | H39: 3.29 | I39: Richard Distribution | J39: 3.29
A40: FRO05 | B40: Bleu cube 1,3kg | C40: 1 | D40: 16.17 | E40: 13.65 | F40: 13.69 | I40: BackEurop THOMAS | J40: 13.65
A41: DIV087 | B41: Bobine Papier 450 feuilles | C41: 450 | E41: 2.526 | I41: BackEurop THOMAS | J41: 2.53
A42: DIV044 | B42: Boîte Burger | C42: 50 | D42: 22.107 | E42: =14.978/2 -> 7.489 | I42: BackEurop THOMAS | J42: 7.49
B43: Bougies diverses | C43: 10 | D43: 6.698 | I43: Fuseau | J43: 6.7
A44: FRO07 | B44: Brie kG | C44: 1 | D44: 9.55 | E44: 11.1 | F44: 9.09 | I44: TeamOuest France Frais | J44: 9.09
A45: PATISS80 | B45: Brisure de daim | C45: 1 | D45: 19.5 | I45: Fuseau | J45: 25.897
B46: Brisure M&M's | C46: 1 | D46: 17.5 | I46: Fuseau | J46: 17.5
A47: PATISS66 | B47: Cacahuète grilléees non salé 1kg | C47: 1 | D47: 3.95 | E47: 5.99 | I47: Fuseau | J47: 3.95
A48: PATISS71 | B48: Cacao Poudre 3kg | C48: 1 | D48: 22.5 | E48: =9.06*3 -> 27.18 | H48: 19.295 | I48: Richard Distribution | J48: 19.3
A49: DIV033 | B49: Café Trablit bouteille 1L | C49: 1 | D49: 26.5 | E49: 29.471 | I49: Fuseau | J49: 26.5
A50: DIV032 | B50: Café moulu Tradition 1kG | C50: 1 | D50: 16.875 | E50: =4.546*4 -> 18.184 | I50: Fuseau | J50: 16.88
A51: DIV020 | B51: Caiss calypso fond brun | C51: 1000 | D51: =8.56*5 -> 42.8 | E51: =9.489*5 -> 47.445 | I51: Fuseau | J51: 42.8
A52: DIV043 | B52: Cagette carton | C52: 50 | D52: 47.5 | E52: 32.578 | I52: BackEurop THOMAS | J52: 32.58
B53: Caissette Calypso Fond Brun 88 | C53: 1 | D53: 0.02 | E53: =20.923/1000 -> 0.020923 | I53: Fuseau | J53: 0.02
A54: DIV021 | B54: Caiss calypso fond noir | C54: 1000 | D54: 18.5 | E54: 16.619 | I54: BackEurop THOMAS | J54: 16.62
A55: DIV042 | B55: Caiss Fond tarte 1553 D.190*30 | C55: 1000 | D55: 86.985 | E55: 74.46 | I55: BackEurop THOMAS | J55: 74.46
B56: Caissette Ronde 1201F70 | C56: 1000 | D56: 0.0165 | E56: =16.619/1000 -> 0.016619 | H56: =6.878/1000 -> 0.006878 | I56: Richard Distribution | J56: =6.878/1000 -> 0.006878
A57: DIV045 | B57: Caissette papier Archeduc | C57: 50 | D57: 9.723 | E57: =8.77/2 -> 4.385 | I57: BackEurop THOMAS | J57: 4.39
A58: DIV022 | B58: Caissette pâtissière blanche 14 | C58: 100 | D58: 4.95 | E58: 4.284 | H58: 3.79 | I58: Richard Distribution | J58: 3.79
A59: DIV023 | B59: Caissette pâtissière blanche 16 | C59: 100 | D59: 5.8 | E59: 4.928 | H59: 4.29 | I59: Richard Distribution | J59: 4.29
A60: DIV024 | B60: Caissette pâtissière blanche 18 | C60: 100 | D60: 6 | E60: 5.154 | H60: 4.49 | I60: Richard Distribution | J60: 4.49
A61: DIV025 | B61: Caissette pâtissière blanche 20 | C61: 100 | D61: 6.2 | E61: 5.788 | H61: 5.15 | I61: Richard Distribution | J61: 5.15
B62: Caissette savarin baba | C62: 1 | D62: 42.644 | I62: Fuseau | J62: 42.644
A63: DIV061 | B63: Caissette Tulipcup marron 150/50 | C63: 200 | D63: =8.56/200 -> 0.0428 | E63: =9.489/200 -> 0.047445 | G63: =7.9/200 -> 0.0395 | I63: Fuseau | J63: 0.04
B64: Camembert | C64: 0.24 | G64: 1.73 | I64: TeamOuest France Frais | J64: 1.73
B65: Capre capucine au vinaigre | C65: 1 | F65: 4.4 | I65: TeamOuest France Frais | J65: 4.4
A66: BOISS33 | B66: Capri-Sul multi vitaminé 20cL | C66: 40 | D66: 16.76 | E66: 0.376 | I66: Fuseau | J66: 0.376
A67: DIV034 | B67: Cartouche Gaz 360mL | C67: 1 | D67: 2.5 | I67: Fuseau | J67: 2.5
A68: LEG017 | B68: Carotte sac | C68: 1 | G68: 1.2 | I68: Terre et marée | J68: 1.2
A69: DIV029 | B69: Carré Noir / Or 16x16 | C69: 50 | E69: 5.481 | H69: 4.55 | I69: Richard Distribution | J69: 4.55
A70: DIV030 | B70: Carré Noir / Or 20x20 | C70: 50 | E70: 7.434 | H70: 6.29 | I70: Richard Distribution | J70: 6.29
A71: DIV026 | B71: Carré rainé 13cm | C71: 250 | D71: 3.9 | E71: =7.734/2 -> 3.867 | H71: 3.39 | I71: Richard Distribution | J71: 3.39
A72: DIV027 | B72: Carré rainé 15cm | C72: 250 | D72: 4.28 | E72: 9.86 | H72: 3.85 | I72: Richard Distribution | J72: 3.85
A73: DIV028 | B73: Carré rainé 17cm | C73: 250 | E73: =12.418/2 -> 6.209 | H73: 5.39 | I73: Richard Distribution | J73: 5.39
A74: PATISS65 | B74: Cerneaux invalides arlequins 10kg | C74: 1 | D74: 5.087 | E74: 6.77 | I74: Fuseau | J74: 5.09
A75: CHA25 | B75: Champignon Hotel 5/1 BROVER | C75: 1 | D75: 9.8 | E75: =2.56*4 -> 10.24 | I75: Fuseau | J75: 9.8
A76: FRO06 | B76: Cheddar (84 tranches) | C76: 1 | D76: 8.963 | E76: 11.53 | F76: 8.68 | I76: Fuseau | J76: 8.96
B77: Cheddar rouge | C77: 1 | D77: 7.68 | F77: 9.3 | I77: Fuseau | J77: 7.68
A78: FRO13 | B78: Chèvre Tranche 42mm 1,3kG | C78: 1 | D78: 12.69 | E78: 14.883 | F78: 15.24 | I78: Fuseau | J78: 12.69
A79: PATISS36 | B79: Chocopat seau 5kg | C79: 1 | D79: 6.94 | E79: 8.07 | I79: Fuseau | J79: 6.94
A80: FRO14 | B80: Chèvre Tranche 60mm 1,1kG | C80: 1 | E80: 15.447 | F80: 16.16 | I80: BackEurop THOMAS | J80: 15.45
A81: FRO15 | B81: Chèvre Tranche 78mm 0,5kg | C81: 0.5 | D81: 8.387 | E81: 7.62 | H81: 7.142 | I81: Richard Distribution | J81: 7.142
A82: SNA08 | B82: Chips nature | C82: 100 | D82: =38.5/100 -> 0.385 | E82: 0.747 | I82: Fuseau | J82: 0.39
A83: CHA20 | B83: Chorizo grande tranches | C83: 1 | D83: 5.47 | E83: 6.08 | F83: 5.49 | H83: 4.95 | I83: Richard Distribution | J83: 4.95
A84: CHA19 | B84: Chorizo Lanières 500g | C84: 1 | D84: 4.5 | E84: 6.08 | F84: 4.49 | H84: 4.25 | I84: Richard Distribution | J84: 4.25
A85: CHA33 | B85: Chute Saumon fumé Sauvage LABEYRIE 1kG | C85: 1 | D85: =9.938*2 -> 19.876 | E85: 16.02 | F85: 12.5 | I85: TeamOuest France Frais | J85: 12.5
A86: LEG016 | B86: Chou rouge | C86: 1 | G86: 1.5 | I86: Terre et marée | J86: 1.5
B87: Ciboulette 1kg | C87: 1 | F87: 5.99 | H87: 5.55 | I87: Richard Distribution | J87: 5.55
A88: FRU29 | B88: Citron presse 10 litres | C88: 1 | D88: 2.66 | E88: 2.93 | I88: Fuseau | J88: 2.66
A89: LEG011 | B89: Citron jaune | C89: 1 | G89: 1.95 | I89: Terre et marée | J89: 1.95
A90: BOISS19 | B90: Coca Cola 1,25l | C90: 12 | D90: 1.6 | H90: 1.585 | I90: Richard Distribution | J90: 1.585
A91: LEG012 | B91: Citron vert | C91: 1 | G91: 2.95 | I91: Terre et marée | J91: 2.95
A92: LEG009 | B92: Clementine | C92: 1 | G92: 1.95 | I92: Terre et marée | J92: 1.95
A93: BOISS20 | B93: Coca Cola 0% 33cl | C93: 24 | D93: 0.647 | H93: 0.585 | I93: Richard Distribution | J93: 0.585
A94: BOISS17 | B94: Coca Cola 33cL | C94: 24 | D94: 0.62 | H94: 0.62 | I94: Fuseau | J94: 0.62
A95: BOISS18 | B95: Coca Cola 50cL | C95: 24 | D95: 0.887 | H95: 1.085 | I95: Fuseau | J95: 0.89
A96: FRU20 | B96: Cocktail 6 Fruits Rouges | C96: 1 | D96: 4.7 | E96: 5.62 | I96: Fuseau | J96: 3.8
A97: BOISS21 | B97: Coca Cola Cherry 33cl | C97: 24 | D97: 0.68 | H97: 0.719 | I97: Fuseau | J97: 0.68
B98: Colorant Intense Jaune | C98: 1 | D98: 10.23 | I98: Fuseau | J98: 10.23
A99: DIV097 | B99: Colorant Intense Rouge Père Noel | C99: 1 | D99: 10.64 | E99: 10.28 | I99: Fuseau | J99: 8.64
A100: DIV098 | B100: Colorant Intense Rouge Royal | C100: 1 | D100: 15.171 | E100: 16.42 | I100: Fuseau | J100: 15.17
A101: PATISS24 | B101: Compote 33% 5/1 UNL | C101: 1 | D101: 7.7 | E101: 8.299 | I101: Fuseau | J101: 7.7
...

Sheet VIENNOISERIE - PAP PARIS
A1: Coeff souhaité | B1: 4
A2: CROISSANT | E2: PAIN AU CHOCOLAT | I2: BRIOCHE | M2: BRIOCHE PEPITES
B3: Prix au kilo | C3: Quantité | F3: Prix au kilo | G3: Quantité | J3: Prix au kilo | K3: Quantité | N3: Prix au kilo | O3: Quantité
A4: Farine T45 | B4: =IFERROR(VLOOKUP(A4,'TARIFS 12 2025'!B3:J461,9,FALSE),"") -> 1.05 | C4: 2 | D4: =+C4*B4 -> 2.1 | E4: Farine T45 | F4: =IFERROR(VLOOKUP(E4,'TARIFS 12 2025'!B3:J466,9,FALSE),"") -> 1.05 | G4: 2 | H4: =+G4*F4 -> 2.1 | I4: Farine T45 | J4: =IFERROR(VLOOKUP(I4,'TARIFS 12 2025'!B3:J502,9,FALSE),"") -> 1.05 | K4: 1 | L4: =+K4*J4 -> 1.05 | M4: Farine T45 | N4: =IFERROR(VLOOKUP(M4,'TARIFS 12 2025'!B3:J510,9,FALSE),"") -> 1.05 | O4: 1 | P4: =+O4*N4 -> 1.05
A5: Sucre Crist Semoule 25kG | B5: =IFERROR(VLOOKUP(A5,'TARIFS 12 2025'!B4:J461,9,FALSE),"") -> 0.86 | C5: 0.22 | D5: =+C5*B5 -> 0.1892 | E5: Sucre Crist Semoule 25kG | F5: =IFERROR(VLOOKUP(E5,'TARIFS 12 2025'!B4:J469,9,FALSE),"") -> 0.86 | G5: 0.22 | H5: =+G5*F5 -> 0.1892 | I5: Sel fin 25kG | J5: =IFERROR(VLOOKUP(I5,'TARIFS 12 2025'!B4:J503,9,FALSE),"") -> 0.27 | K5: 0.02 | L5: =+K5*J5 -> 0.0054 | M5: Sel fin 25kG | N5: =IFERROR(VLOOKUP(M5,'TARIFS 12 2025'!B4:J511,9,FALSE),"") -> 0.27 | O5: 0.02 | P5: =+O5*N5 -> 0.0054
A6: Sel fin 25kG | B6: =IFERROR(VLOOKUP(A6,'TARIFS 12 2025'!B5:J462,9,FALSE),"") -> 0.27 | C6: 0.04 | D6: =+C6*B6 -> 0.0108 | E6: Sel fin 25kG | F6: =IFERROR(VLOOKUP(E6,'TARIFS 12 2025'!B5:J470,9,FALSE),"") -> 0.27 | G6: 0.04 | H6: =+G6*F6 -> 0.0108 | I6: Levure Hirondelle 1895 Bande 2,5kG | J6: =IFERROR(VLOOKUP(I6,'TARIFS 12 2025'!B5:J504,9,FALSE),"") -> 3.45 | K6: 0.04 | L6: =+K6*J6 -> 0.138 | M6: Levure Hirondelle 1895 Bande 2,5kG | N6: =IFERROR(VLOOKUP(M6,'TARIFS 12 2025'!B5:J512,9,FALSE),"") -> 3.45 | O6: 0.04 | P6: =+O6*N6 -> 0.138
A7: Top Fournil | B7: =IFERROR(VLOOKUP(A7,'TARIFS 12 2025'!B6:J463,9,FALSE),"") | C7: 0.016 | D7: =4.49*C7 -> 0.07184 | E7: Top Fournil | F7: =IFERROR(VLOOKUP(E7,'TARIFS 12 2025'!B6:J471,9,FALSE),"") -> 4.49 | G7: 0.016 | H7: =+G7*F7 -> 0.07184 | I7: Miel Seau 5kg | J7: =IFERROR(VLOOKUP(I7,'TARIFS 12 2025'!B6:J505,9,FALSE),"") -> 3.99 | K7: 0.08 | L7: =+K7*J7 -> 0.3192 | M7: Miel Seau 5kg | N7: =IFERROR(VLOOKUP(M7,'TARIFS 12 2025'!B6:J513,9,FALSE),"") -> 3.99 | O7: 0.08 | P7: =+O7*N7 -> 0.3192
A8: Levure Hirondelle 1895 Bande 2,5kG | B8: =IFERROR(VLOOKUP(A8,'TARIFS 12 2025'!B7:J463,9,FALSE),"") -> 3.45 | C8: 0.08 | D8: =+C8*B8 -> 0.276 | E8: Levure Hirondelle 1895 Bande 2,5kG | F8: =IFERROR(VLOOKUP(E8,'TARIFS 12 2025'!B7:J472,9,FALSE),"") -> 3.45 | G8: 0.08 | H8: =+G8*F8 -> 0.276 | I8: Œuf Frais | J8: =IFERROR(VLOOKUP(I8,'TARIFS 12 2025'!B7:J506,9,FALSE),"") -> 2.72 | K8: 0.4 | L8: =+K8*J8 -> 1.088 | M8: Œuf Frais | N8: =IFERROR(VLOOKUP(M8,'TARIFS 12 2025'!B7:J514,9,FALSE),"") -> 2.72 | O8: 0.4 | P8: =+O8*N8 -> 1.088
A9: Beurre Tourage 10kG | B9: 9.5 | C9: 1 | D9: =+C9*B9 -> 9.5 | E9: Beurre Tourage 10kG | F9: 9.5 | G9: 1 | H9: =+G9*F9 -> 9.5 | I9: Top Fournil | J9: =IFERROR(VLOOKUP(I9,'TARIFS 12 2025'!B8:J507,9,FALSE),"") -> 4.49 | K9: 0.05 | L9: =+K9*J9 -> 0.2245 | M9: Top Fournil | N9: =IFERROR(VLOOKUP(M9,'TARIFS 12 2025'!B8:J515,9,FALSE),"") -> 4.49 | O9: 0.05 | P9: =+O9*N9 -> 0.2245
A10: Beurre 82% Motte 25kG | B10: =IFERROR(VLOOKUP(A10,'TARIFS 12 2025'!B9:J465,9,FALSE),"") -> 4.8 | C10: 0.16 | D10: =+C10*B10 -> 0.768 | E10: Beurre 82% Motte 25kG | F10: =IFERROR(VLOOKUP(E10,'TARIFS 12 2025'!B9:J474,9,FALSE),"") -> 4.8 | G10: 0.16 | H10: =+G10*F10 -> 0.768 | I10: Pâte Fermenté | J10: =IFERROR(VLOOKUP(I10,'TARIFS 12 2025'!B9:J508,9,FALSE),"") -> 0.47273529 | K10: 0.3 | L10: =+K10*J10 -> 0.14182059 | M10: Pâte Fermenté | N10: =IFERROR(VLOOKUP(M10,'TARIFS 12 2025'!B9:J516,9,FALSE),"") -> 0.47273529 | O10: 0.3 | P10: =+O10*N10 -> 0.14182059
A11: Eau | B11: =IFERROR(VLOOKUP(A11,'TARIFS 12 2025'!B10:J466,9,FALSE),"") -> 0.004 | C11: 0.8 | D11: =+C11*B11 -> 0.0032 | E11: Eau | F11: =IFERROR(VLOOKUP(E11,'TARIFS 12 2025'!B10:J475,9,FALSE),"") -> 0.004 | G11: 0.8 | H11: =+G11*F11 -> 0.0032 | I11: Sucre Crist Semoule 25kG | J11: =IFERROR(VLOOKUP(I11,'TARIFS 12 2025'!B10:J509,9,FALSE),"") -> 0.86 | K11: 0.2 | L11: =+K11*J11 -> 0.172 | M11: Sucre Crist Semoule 25kG | N11: =IFERROR(VLOOKUP(M11,'TARIFS 12 2025'!B10:J517,9,FALSE),"") -> 0.86 | O11: 0.2 | P11: =+O11*N11 -> 0.172
A12: Miel Seau 5kg | B12: =IFERROR(VLOOKUP(A12,'TARIFS 12 2025'!B11:J469,9,FALSE),"") -> 3.99 | C12: 0.06 | D12: =+C12*B12 -> 0.2394 | E12: Miel Seau 5kg | F12: =IFERROR(VLOOKUP(E12,'TARIFS 12 2025'!B11:J476,9,FALSE),"") -> 3.99 | G12: 0.06 | H12: =+G12*F12 -> 0.2394 | I12: Beurre 82% Motte 25kG | J12: =IFERROR(VLOOKUP(I12,'TARIFS 12 2025'!B11:J510,9,FALSE),"") -> 4.8 | K12: 0.35 | L12: =+K12*J12 -> 1.68 | M12: Beurre 82% Motte 25kG | N12: =IFERROR(VLOOKUP(M12,'TARIFS 12 2025'!B11:J518,9,FALSE),"") -> 4.8 | O12: 0.35 | P12: =+O12*N12 -> 1.68
A13: Pâte Fermenté | B13: =IFERROR(VLOOKUP(A13,'TARIFS 12 2025'!B12:J470,9,FALSE),"") -> 0.47273529 | C13: 0.5 | D13: =+C13*B13 -> 0.23636765 | E13: Pâte Fermenté | F13: =IFERROR(VLOOKUP(E13,'TARIFS 12 2025'!B12:J477,9,FALSE),"") -> 0.47273529 | G13: 0.5 | H13: =+G13*F13 -> 0.23636765 | I13: Eau | J13: =IFERROR(VLOOKUP(I13,'TARIFS 12 2025'!B12:J511,9,FALSE),"") -> 0.004 | K13: 0.1 | L13: =+K13*J13 -> 0.0004 | M13: Eau | N13: =IFERROR(VLOOKUP(M13,'TARIFS 12 2025'!B12:J519,9,FALSE),"") -> 0.004 | O13: 0.1 | P13: =+O13*N13 -> 0.0004
A14: Œuf Frais | B14: =IFERROR(VLOOKUP(A14,'TARIFS 12 2025'!B13:J471,9,FALSE),"") -> 2.72 | C14: 0.12 | D14: =+C14*B14 -> 0.3264 | E14: Œuf Frais | F14: =IFERROR(VLOOKUP(E14,'TARIFS 12 2025'!B13:J478,9,FALSE),"") -> 2.72 | G14: 0.12 | H14: =+G14*F14 -> 0.3264 | M14: Drops chocolat 44% 25kG | N14: =IFERROR(VLOOKUP(M14,'TARIFS 12 2025'!B13:J520,9,FALSE),"") -> 5.95 | O14: 0.06 | P14: =+O14*N14 -> 0.357
C15: =SUM(C4:C14) -> 4.996 | E15: Bâton chocolat 36cm 5kG | F15: =IFERROR(VLOOKUP(E15,'TARIFS 12 2025'!B14:J480,9,FALSE),"") -> 8.25 | G15: 0.488 | H15: =+G15*F15 -> 4.026 | J15: =IFERROR(VLOOKUP(I15,'TARIFS 12 2025'!B14:J513,9,FALSE),"")
G16: =SUM(G4:G15) -> 5.484 | K16: =SUM(K4:K13) -> 2.54 | O16: =SUM(O4:O14) -> 2.6
C17: pour 62 | D17: =+SUM(D4:D15) -> 13.721208 | G17: pour un paton | H17: =+SUM(H4:H15) -> 17.747208 | K17: pour 4 | L17: =+SUM(L4:L15) -> 4.8193206 | O17: pour 4,73 | P17: =SUM(P4:P15) -> 5.1763206
C18: pour 1 | D18: =0.068*D17/C15 -> 0.18675783 | G18: pour 1 | H18: =0.068*H17/G16 -> 0.2200602 | K18: pour 1 | L18: =0.6*L17/K16+0.14 -> 1.2784222 | O18: pour 1 | P18: =0.6*P17/O16 -> 1.1945355
C19: Vendu TTC | D19: 1.2 | G19: Vendu TTC | H19: 1.25 | K19: Vendu TTC | L19: 7.2 | O19: Vendu TTC | P19: 7.4
C20: Vendu HT | D20: =D19/(1+5.5/100) -> 1.1374408 | G20: Vendu HT | H20: =H19/(1+5.5/100) -> 1.1848341 | K20: Vendu HT | L20: =L19/(1+5.5/100) -> 6.8246445 | O20: Vendu HT | P20: =P19/(1+5.5/100) -> 7.014218
C21: Coef | D21: =+D20/D18 -> 6.0904582 | G21: Coef | H21: =+H20/H18 -> 5.3841364 | K21: Coef | L21: =+L20/L18 -> 5.3383339 | O21: Coef | P21: =+P20/P18 -> 5.8719208
C22: Marge | D22: =(D20-D18)*100/D20 -> 83.580874 | G22: Marge | H22: =(H20-H18)*100/H20 -> 81.426919 | K22: Marge | L22: =(L20-L18)*100/L20 -> 81.267564 | O22: Marge | P22: =(P20-P18)*100/P20 -> 82.969798
A24: BRIOCHETTE | E24: GRANDE VIENNOISE | I24: VIENNOISE PEPITE | M24: VIENNOISE NATURE
B25: Prix au kilo | C25: Quantité | F25: Prix au kilo | G25: Quantité | J25: Prix au kilo | K25: Quantité | N25: Prix au kilo | O25: Quantité
A26: Farine T45 | B26: =IFERROR(VLOOKUP(A26,'TARIFS 12 2025'!B3:J525,9,FALSE),"") -> 1.05 | C26: 1 | D26: =+C26*B26 -> 1.05 | E26: Farine T45 | F26: =IFERROR(VLOOKUP(E26,'TARIFS 12 2025'!B3:J493,9,FALSE),"") -> 1.05 | G26: 6 | H26: =+G26*F26 -> 6.3 | I26: Farine T45 | J26: =IFERROR(VLOOKUP(I26,'TARIFS 12 2025'!B3:J491,9,FALSE),"") -> 1.05 | K26: 6 | L26: =+K26*J26 -> 6.3 | M26: Farine T45 | N26: =IFERROR(VLOOKUP(M26,'TARIFS 12 2025'!B3:J501,9,FALSE),"") -> 1.05 | O26: 6 | P26: =+O26*N26 -> 6.3
A27: Sel fin 25kG | B27: =IFERROR(VLOOKUP(A27,'TARIFS 12 2025'!B4:J526,9,FALSE),"") -> 0.27 | C27: 0.02 | D27: =+C27*B27 -> 0.0054 | E27: Sel fin 25kG | F27: =IFERROR(VLOOKUP(E27,'TARIFS 12 2025'!B4:J494,9,FALSE),"") -> 0.27 | G27: 0.12 | H27: =+G27*F27 -> 0.0324 | I27: Sel fin 25kG | J27: =IFERROR(VLOOKUP(I27,'TARIFS 12 2025'!B4:J492,9,FALSE),"") -> 0.27 | K27: 0.12 | L27: =+K27*J27 -> 0.0324 | M27: Sel fin 25kG | N27: =IFERROR(VLOOKUP(M27,'TARIFS 12 2025'!B4:J502,9,FALSE),"") -> 0.27 | O27: 0.12 | P27: =+O27*N27 -> 0.0324
A28: Levure Hirondelle 1895 Bande 2,5kG | B28: =IFERROR(VLOOKUP(A28,'TARIFS 12 2025'!B5:J527,9,FALSE),"") -> 3.45 | C28: 0.04 | D28: =+C28*B28 -> 0.138 | E28: Levure Hirondelle 1895 Bande 2,5kG | F28: =IFERROR(VLOOKUP(E28,'TARIFS 12 2025'!B5:J495,9,FALSE),"") -> 3.45 | G28: 0.25 | H28: =+G28*F28 -> 0.8625 | I28: Levure Hirondelle 1895 Bande 2,5kG | J28: =IFERROR(VLOOKUP(I28,'TARIFS 12 2025'!B5:J493,9,FALSE),"") -> 3.45 | K28: 0.25 | L28: =+K28*J28 -> 0.8625 | M28: Levure Hirondelle 1895 Bande 2,5kG | N28: =IFERROR(VLOOKUP(M28,'TARIFS 12 2025'!B5:J503,9,FALSE),"") -> 3.45 | O28: 0.25 | P28: =+O28*N28 -> 0.8625
A29: Miel Seau 5kg | B29: =IFERROR(VLOOKUP(A29,'TARIFS 12 2025'!B6:J528,9,FALSE),"") -> 3.99 | C29: 0.08 | D29: =+C29*B29 -> 0.3192 | E29: Poudre lait Entier 26% 25kG | F29: =IFERROR(VLOOKUP(E29,'TARIFS 12 2025'!B6:J496,9,FALSE),"") -> 5.16 | G29: 0.3 | H29: =+G29*F29 -> 1.548 | I29: Poudre lait Entier 26% 25kG | J29: =IFERROR(VLOOKUP(I29,'TARIFS 12 2025'!B6:J494,9,FALSE),"") -> 5.16 | K29: 0.3 | L29: =+K29*J29 -> 1.548 | M29: Poudre lait Entier 26% 25kG | N29: =IFERROR(VLOOKUP(M29,'TARIFS 12 2025'!B6:J504,9,FALSE),"") -> 5.16 | O29: 0.3 | P29: =+O29*N29 -> 1.548
A30: Œuf Frais | B30: =IFERROR(VLOOKUP(A30,'TARIFS 12 2025'!B7:J529,9,FALSE),"") -> 2.72 | C30: 7 | D30: =+C30*B30 -> 19.04 | E30: Eau | F30: =IFERROR(VLOOKUP(E30,'TARIFS 12 2025'!B7:J497,9,FALSE),"") -> 0.004 | G30: 2.2 | H30: =+G30*F30 -> 0.0088 | I30: Eau | J30: =IFERROR(VLOOKUP(I30,'TARIFS 12 2025'!B7:J495,9,FALSE),"") -> 0.004 | K30: 2.2 | L30: =+K30*J30 -> 0.0088 | M30: Eau | N30: =IFERROR(VLOOKUP(M30,'TARIFS 12 2025'!B7:J505,9,FALSE),"") -> 0.004 | O30: 2.2 | P30: =+O30*N30 -> 0.0088
A31: Top Fournil | B31: =IFERROR(VLOOKUP(A31,'TARIFS 12 2025'!B8:J530,9,FALSE),"") -> 4.49 | C31: 0.05 | D31: =+C31*B31 -> 0.2245 | E31: Œuf Frais | F31: =IFERROR(VLOOKUP(E31,'TARIFS 12 2025'!B8:J498,9,FALSE),"") -> 2.72 | G31: 13 | H31: =+G31*F31 -> 35.36 | I31: Œuf Frais | J31: =IFERROR(VLOOKUP(I31,'TARIFS 12 2025'!B8:J496,9,FALSE),"") -> 2.72 | K31: 13 | L31: =+K31*J31 -> 35.36 | M31: Œuf Frais | N31: =IFERROR(VLOOKUP(M31,'TARIFS 12 2025'!B8:J506,9,FALSE),"") -> 2.72 | O31: 0.72 | P31: =+O31*N31 -> 1.9584
A32: Pâte Fermenté | B32: =IFERROR(VLOOKUP(A32,'TARIFS 12 2025'!B9:J531,9,FALSE),"") -> 0.47273529 | C32: 0.3 | D32: =+C32*B32 -> 0.14182059 | E32: Top Fournil | F32: =IFERROR(VLOOKUP(E32,'TARIFS 12 2025'!B9:J499,9,FALSE),"") -> 4.49 | G32: 0.03 | H32: =+G32*F32 -> 0.1347 | I32: Top Fournil | J32: =IFERROR(VLOOKUP(I32,'TARIFS 12 2025'!B9:J497,9,FALSE),"") -> 4.49 | K32: 0.03 | L32: =+K32*J32 -> 0.1347 | M32: Top Fournil | N32: =IFERROR(VLOOKUP(M32,'TARIFS 12 2025'!B9:J507,9,FALSE),"") -> 4.49 | O32: 0.03 | P32: =+O32*N32 -> 0.1347
A33: Sucre Crist Semoule 25kG | B33: =IFERROR(VLOOKUP(A33,'TARIFS 12 2025'!B10:J532,9,FALSE),"") -> 0.86 | C33: 0.2 | D33: =+C33*B33 -> 0.172 | E33: Sucre Crist Semoule 25kG | F33: =IFERROR(VLOOKUP(E33,'TARIFS 12 2025'!B10:J500,9,FALSE),"") -> 0.86 | G33: 0.36 | H33: =+G33*F33 -> 0.3096 | I33: Sucre Crist Semoule 25kG | J33: =IFERROR(VLOOKUP(I33,'TARIFS 12 2025'!B10:J498,9,FALSE),"") -> 0.86 | K33: 0.36 | L33: =+K33*J33 -> 0.3096 | M33: Sucre Crist Semoule 25kG | N33: =IFERROR(VLOOKUP(M33,'TARIFS 12 2025'!B10:J508,9,FALSE),"") -> 0.86 | O33: 0.36 | P33: =+O33*N33 -> 0.3096
A34: Beurre 82% Motte 25kG | B34: =IFERROR(VLOOKUP(A34,'TARIFS 12 2025'!B11:J533,9,FALSE),"") -> 4.8 | C34: 0.35 | D34: =+C34*B34 -> 1.68 | E34: Beurre 82% Motte 25kG | F34: =IFERROR(VLOOKUP(E34,'TARIFS 12 2025'!B11:J501,9,FALSE),"") -> 4.8 | G34: 1.2 | H34: =+G34*F34 -> 5.76 | I34: Beurre 82% Motte 25kG | J34: =IFERROR(VLOOKUP(I34,'TARIFS 12 2025'!B11:J499,9,FALSE),"") -> 4.8 | K34: 1.2 | L34: =+K34*J34 -> 5.76 | M34: Beurre 82% Motte 25kG | N34: =IFERROR(VLOOKUP(M34,'TARIFS 12 2025'!B11:J509,9,FALSE),"") -> 4.8 | O34: 1.2 | P34: =+O34*N34 -> 5.76
A35: Eau | B35: =IFERROR(VLOOKUP(A35,'TARIFS 12 2025'!B12:J534,9,FALSE),"") -> 0.004 | C35: 0.1 | D35: =+C35*B35 -> 0.0004 | I35: Drops chocolat 44% 25kG | J35: =IFERROR(VLOOKUP(I35,'TARIFS 12 2025'!B12:J500,9,FALSE),"") -> 5.95 | K35: 0.01 | L35: =+K35*J35 -> 0.0595
F36: =IFERROR(VLOOKUP(E36,'TARIFS 12 2025'!B13:J503,9,FALSE),"") | J36: =IFERROR(VLOOKUP(I36,'TARIFS 12 2025'!F13:N503,9,FALSE),"") | N36: =IFERROR(VLOOKUP(M36,'TARIFS 12 2025'!J13:R503,9,FALSE),"")
F37: =IFERROR(VLOOKUP(E37,'TARIFS 12 2025'!B14:J504,9,FALSE),"") | J37: =IFERROR(VLOOKUP(I37,'TARIFS 12 2025'!F14:N504,9,FALSE),"") | N37: =IFERROR(VLOOKUP(M37,'TARIFS 12 2025'!J14:R504,9,FALSE),"")
O38: =SUM(O26:O34) -> 11.18
C39: pour 25 | D39: =+SUM(D26:D37) -> 22.771321 | G39: pour 44,72 | H39: =+SUM(H26:H37) -> 50.316 | K39: pour 56 | L39: =+SUM(L26:L37) -> 50.3755 | O39: pour 112 | P39: =+SUM(P26:P37) -> 16.9144
C40: pour 1 | D40: =+D39/25 -> 0.91085282 | G40: pour 1 | H40: =+H39/44.72 -> 1.1251342 | K40: pour 1 | L40: =+L39/56 -> 0.8995625 | O40: pour 1 | P40: =0.1*P39/O38 -> 0.15129159
C41: Vendu TTC | D41: 1.8 | G41: Vendu TTC | H41: 1.8 | K41: Vendu TTC | L41: 1.1 | O41: Vendu TTC | P41: 1
C42: Vendu HT | D42: =D41/(1+5.5/100) -> 1.7061611 | G42: Vendu HT | H42: =H41/(1+5.5/100) -> 1.7061611 | K42: Vendu HT | L42: =L41/(1+5.5/100) -> 1.042654 | O42: Vendu HT | P42: =P41/(1+5.5/100) -> 0.9478673
C43: Coef | D43: =+D42/D40 -> 1.8731469 | G43: Coef | H43: =+H42/H40 -> 1.5164068 | K43: Coef | L43: =+L42/L40 -> 1.1590679 | O43: Coef | P43: =+P42/P40 -> 6.2651684
C44: Marge | D44: =(D42-D40)*100/D42 -> 46.613904 | G44: Marge | H44: =(H42-H40)*100/H42 -> 34.054636 | K44: Marge | L44: =(L42-L40)*100/L42 -> 13.723778 | O44: Marge | P44: =(P42-P40)*100/P42 -> 84.038737
A46: TORSADE | E46: PAIN AU RAISIN
B47: Prix au kilo | C47: Quantité | F47: Prix au kilo | G47: Quantité | J47: Prix au kilo | K47: Quantité | N47: Prix au kilo | O47: Quantité
A48: Farine T45 | B48: =IFERROR(VLOOKUP(A48,'TARIFS 12 2025'!B51:J507,9,FALSE),"") -> 1.05 | C48: 2 | D48: =+C48*B48 -> 2.1 | E48: Farine T45 | F48: =IFERROR(VLOOKUP(E48,'TARIFS 12 2025'!B3:J495,9,FALSE),"") -> 1.05 | G48: 2 | H48: =+G48*F48 -> 2.1 | N48: =IFERROR(VLOOKUP(M48,'TARIFS 12 2025'!B25:J523,9,FALSE),"") | P48: =+O48*N48 -> #VALUE!
A49: Sucre Crist Semoule 25kG | B49: =IFERROR(VLOOKUP(A49,'TARIFS 12 2025'!B52:J508,9,FALSE),"") -> 0.86 | C49: 0.22 | D49: =+C49*B49 -> 0.1892 | E49: Sucre Crist Semoule 25kG | F49: =IFERROR(VLOOKUP(E49,'TARIFS 12 2025'!B4:J496,9,FALSE),"") -> 0.86 | G49: 0.22 | H49: =+G49*F49 -> 0.1892 | J49: =IFERROR(VLOOKUP(I49,'TARIFS 12 2025'!B26:J514,9,FALSE),"") | N49: =IFERROR(VLOOKUP(M49,'TARIFS 12 2025'!B26:J524,9,FALSE),"") | P49: =+O49*N49 -> #VALUE!
A50: Sel fin 25kG | B50: =IFERROR(VLOOKUP(A50,'TARIFS 12 2025'!B53:J509,9,FALSE),"") -> 0.27 | C50: 0.04 | D50: =+C50*B50 -> 0.0108 | E50: Sel fin 25kG | F50: =IFERROR(VLOOKUP(E50,'TARIFS 12 2025'!B5:J497,9,FALSE),"") -> 0.27 | G50: 0.04 | H50: =+G50*F50 -> 0.0108 | J50: =IFERROR(VLOOKUP(I50,'TARIFS 12 2025'!B27:J515,9,FALSE),"") | N50: =IFERROR(VLOOKUP(M50,'TARIFS 12 2025'!B27:J525,9,FALSE),"") | P50: =+O50*N50 -> #VALUE!
A51: Top Fournil | B51: =IFERROR(VLOOKUP(A51,'TARIFS 12 2025'!B54:J510,9,FALSE),"") -> 4.49 | C51: 0.016 | D51: =+C51*B51 -> 0.07184 | E51: Top Fournil | F51: =IFERROR(VLOOKUP(E51,'TARIFS 12 2025'!B6:J498,9,FALSE),"") -> 4.49 | G51: 0.016 | H51: =+G51*F51 -> 0.07184 | J51: =IFERROR(VLOOKUP(I51,'TARIFS 12 2025'!B28:J516,9,FALSE),"") | N51: =IFERROR(VLOOKUP(M51,'TARIFS 12 2025'!B28:J526,9,FALSE),"") | P51: =+O51*N51 -> #VALUE!
A52: Levure Hirondelle 1895 Bande 2,5kG | B52: =IFERROR(VLOOKUP(A52,'TARIFS 12 2025'!B55:J511,9,FALSE),"") -> 3.45 | C52: 0.08 | D52: =+C52*B52 -> 0.276 | E52: Levure Hirondelle 1895 Bande 2,5kG | F52: =IFERROR(VLOOKUP(E52,'TARIFS 12 2025'!B7:J499,9,FALSE),"") -> 3.45 | G52: 0.08 | H52: =+G52*F52 -> 0.276 | J52: =IFERROR(VLOOKUP(I52,'TARIFS 12 2025'!B29:J517,9,FALSE),"") | N52: =IFERROR(VLOOKUP(M52,'TARIFS 12 2025'!B29:J527,9,FALSE),"") | P52: =+O52*N52 -> #VALUE!
A53: Beurre Tourage 10kG | B53: =IFERROR(VLOOKUP(A53,'TARIFS 12 2025'!B3:J472,9,FALSE),"") -> 9.1 | C53: 1 | D53: =+C53*B53 -> 9.1 | E53: Beurre Tourage 10kG | F53: =IFERROR(VLOOKUP(E53,'TARIFS 12 2025'!B8:J500,9,FALSE),"") -> 9.1 | G53: 1 | H53: =+G53*F53 -> 9.1 | J53: =IFERROR(VLOOKUP(I53,'TARIFS 12 2025'!B30:J518,9,FALSE),"") | N53: =IFERROR(VLOOKUP(M53,'TARIFS 12 2025'!B30:J528,9,FALSE),"") | P53: =+O53*N53 -> #VALUE!
A54: Beurre 82% Motte 25kG | B54: =IFERROR(VLOOKUP(A54,'TARIFS 12 2025'!B3:J485,9,FALSE),"") -> 4.8 | C54: 0.16 | D54: =+C54*B54 -> 0.768 | E54: Beurre 82% Motte 25kG | F54: =IFERROR(VLOOKUP(E54,'TARIFS 12 2025'!B9:J501,9,FALSE),"") -> 4.8 | G54: 0.16 | H54: =+G54*F54 -> 0.768 | J54: =IFERROR(VLOOKUP(I54,'TARIFS 12 2025'!B31:J519,9,FALSE),"") | N54: =IFERROR(VLOOKUP(M54,'TARIFS 12 2025'!B31:J529,9,FALSE),"") | P54: =+O54*N54 -> #VALUE!
A55: Eau | B55: =IFERROR(VLOOKUP(A55,'TARIFS 12 2025'!B58:J514,9,FALSE),"") -> 0.004 | C55: 0.8 | D55: =+C55*B55 -> 0.0032 | E55: Eau | F55: =IFERROR(VLOOKUP(E55,'TARIFS 12 2025'!B10:J502,9,FALSE),"") -> 0.004 | G55: 0.8 | H55: =+G55*F55 -> 0.0032 | J55: =IFERROR(VLOOKUP(I55,'TARIFS 12 2025'!B32:J520,9,FALSE),"") | N55: =IFERROR(VLOOKUP(M55,'TARIFS 12 2025'!B32:J530,9,FALSE),"") | P55: =+O55*N55 -> #VALUE!
A56: Miel Seau 5kg | B56: =IFERROR(VLOOKUP(A56,'TARIFS 12 2025'!B59:J515,9,FALSE),"") -> 3.99 | C56: 0.06 | D56: =+C56*B56 -> 0.2394 | E56: Miel Seau 5kg | F56: =IFERROR(VLOOKUP(E56,'TARIFS 12 2025'!B11:J503,9,FALSE),"") -> 3.99 | G56: 0.06 | H56: =+G56*F56 -> 0.2394 | J56: =IFERROR(VLOOKUP(I56,'TARIFS 12 2025'!B33:J521,9,FALSE),"") | N56: =IFERROR(VLOOKUP(M56,'TARIFS 12 2025'!B33:J531,9,FALSE),"") | P56: =+O56*N56 -> #VALUE!
A57: Pâte Fermenté | B57: =IFERROR(VLOOKUP(A57,'TARIFS 12 2025'!B60:J516,9,FALSE),"") -> 0.47273529 | C57: 0.5 | D57: =+C57*B57 -> 0.23636765 | E57: Pâte Fermenté | F57: =IFERROR(VLOOKUP(E57,'TARIFS 12 2025'!B12:J504,9,FALSE),"") -> 0.47273529 | G57: 0.5 | H57: =+G57*F57 -> 0.23636765 | J57: =IFERROR(VLOOKUP(I57,'TARIFS 12 2025'!B34:J522,9,FALSE),"")
A58: Œuf Frais | B58: =IFERROR(VLOOKUP(A58,'TARIFS 12 2025'!B61:J517,9,FALSE),"") -> 2.72 | C58: 2.2 | D58: =+C58*B58 -> 5.984 | E58: Œuf Frais | F58: =IFERROR(VLOOKUP(E58,'TARIFS 12 2025'!B13:J505,9,FALSE),"") -> 2.72 | G58: 2.2 | H58: =+G58*F58 -> 5.984 | J58: =IFERROR(VLOOKUP(I58,'TARIFS 12 2025'!F35:N525,9,FALSE),"") | N58: =IFERROR(VLOOKUP(M58,'TARIFS 12 2025'!J35:R525,9,FALSE),"")
A59: Crème Patissière | B59: =IFERROR(VLOOKUP(A59,'TARIFS 12 2025'!B36:J558,9,FALSE),"") -> 0.9775 | C59: 0.5 | D59: =+C59*B59 -> 0.48875 | E59: Crème Patissière | F59: =IFERROR(VLOOKUP(E59,'TARIFS 12 2025'!B14:J506,9,FALSE),"") -> 0.9775 | G59: 1 | H59: =+G59*F59 -> 0.9775
A60: Drops chocolat 44% 25kG | B60: =IFERROR(VLOOKUP(A60,'TARIFS 12 2025'!B36:J558,9,FALSE),"") -> 5.95 | C60: 0.5 | D60: =+C60*B60 -> 2.975 | E60: Raisin sec 15kG | F60: =IFERROR(VLOOKUP(E60,'TARIFS 12 2025'!B15:J507,9,FALSE),"") -> 3.25 | G60: 0.067 | H60: =+G60*F60 -> 0.21775 | J60: =IFERROR(VLOOKUP(I60,'TARIFS 12 2025'!F36:N526,9,FALSE),"") | N60: =IFERROR(VLOOKUP(M60,'TARIFS 12 2025'!J36:R526,9,FALSE),"")
C61: =SUM(C48:C60) -> 8.076 | G61: =SUM(G48:G60) -> 8.143
C62: pour 25 | D62: =+SUM(D48:D60) -> 22.442558 | G62: pour 44,72 | H62: =+SUM(H48:H60) -> 20.174058 | K62: pour 50 | L62: =+SUM(L48:L60) -> 0 | O62: pour 112 | P62: =+SUM(P48:P60) -> #VALUE!
C63: pour 1 | D63: =0.13*D62/C61 -> 0.3612596 | G63: pour 1 | H63: =0.12*H62/G61 -> 0.29729669 | K63: pour 1 | L63: =+L62/50 -> 0 | O63: pour 1 | P63: =+P62/112 -> #VALUE!
C64: Vendu TTC | D64: 1.8 | G64: Vendu TTC | H64: 1.8 | K64: Vendu TTC | L64: 1.8 | O64: Vendu TTC | P64: 1.8
C65: Vendu HT | D65: =D64/(1+5.5/100) -> 1.7061611 | G65: Vendu HT | H65: =H64/(1+5.5/100) -> 1.7061611 | K65: Vendu HT | L65: =L64/(1+5.5/100) -> 1.7061611 | O65: Vendu HT | P65: =P64/(1+5.5/100) -> 1.7061611
C66: Coef | D66: =+D65/D63 -> 4.722812 | G66: Coef | H66: =+H65/H63 -> 5.7389174 | K66: Coef | L66: =+L65/L63 -> #DIV/0! | O66: Coef | P66: =+P65/P63 -> #VALUE!
C67: Marge | D67: =(D65-D63)*100/D65 -> 78.826174 | G67: Marge | H67: =(H65-H63)*100/H65 -> 82.575111 | K67: Marge | L67: =(L65-L63)*100/L65 -> 100 | O67: Marge | P67: =(P65-P63)*100/P65 -> #VALUE!

Sheet REVENTE - PAP PARIS
A1: Coeff souhaité | B1: 4
A2: PAIN BURGER | E2: PAIN DE MIE | I2: SABLEE FOURREE | M2: GALETTE CHARENTAISE
B3: Prix au kilo | C3: Quantité | F3: Prix au kilo | G3: Quantité | J3: Prix au kilo | K3: Quantité | N3: Prix au kilo | O3: Quantité
A4: Farine T45 | B4: =IFERROR(VLOOKUP(A4,'TARIFS 12 2025'!B3:J461,9,FALSE),"") -> 1.05 | C4: 2.35 | D4: =+C4*B4 -> 2.4675 | E4: Farine T45 | F4: =IFERROR(VLOOKUP(E4,'TARIFS 12 2025'!B3:J466,9,FALSE),"") -> 1.05 | G4: 9 | H4: =+G4*F4 -> 9.45 | I4: Beurre 82% Motte 25kG | J4: =IFERROR(VLOOKUP(I4,'TARIFS 12 2025'!B3:J502,9,FALSE),"") -> 4.8 | K4: 4 | L4: =+K4*J4 -> 19.2 | M4: Beurre 82% Motte 25kG | N4: =IFERROR(VLOOKUP(M4,'TARIFS 12 2025'!B3:J510,9,FALSE),"") -> 4.8 | O4: 1 | P4: =+O4*N4 -> 4.8
A5: Eau | B5: =IFERROR(VLOOKUP(A5,'TARIFS 12 2025'!B4:J461,9,FALSE),"") -> 0.004 | C5: 1.05 | D5: =+C5*B5 -> 0.0042 | E5: Eau | F5: =IFERROR(VLOOKUP(E5,'TARIFS 12 2025'!B4:J469,9,FALSE),"") -> 0.004 | G5: 4 | H5: =+G5*F5 -> 0.016 | I5: Sucre Crist Semoule 25kG | J5: =IFERROR(VLOOKUP(I5,'TARIFS 12 2025'!B4:J503,9,FALSE),"") -> 0.86 | K5: 4 | L5: =+K5*J5 -> 3.44 | M5: Sucre Crist Semoule 25kG | N5: =IFERROR(VLOOKUP(M5,'TARIFS 12 2025'!B4:J511,9,FALSE),"") -> 0.86 | O5: 2.5 | P5: =+O5*N5 -> 2.15
A6: Poudre lait Entier 26% 25kG | B6: =IFERROR(VLOOKUP(A6,'TARIFS 12 2025'!B5:J462,9,FALSE),"") -> 5.16 | C6: 0.12 | D6: =+C6*B6 -> 0.6192 | E6: Sel fin 25kG | F6: =IFERROR(VLOOKUP(E6,'TARIFS 12 2025'!B5:J470,9,FALSE),"") -> 0.27 | G6: 0.18 | H6: =+G6*F6 -> 0.0486 | I6: Œuf Frais | J6: =IFERROR(VLOOKUP(I6,'TARIFS 12 2025'!B5:J504,9,FALSE),"") -> 2.72 | K6: 30 | L6: =+K6*J6 -> 81.6 | M6: Œuf Frais | N6: =IFERROR(VLOOKUP(M6,'TARIFS 12 2025'!B5:J512,9,FALSE),"") -> 2.72 | O6: =15*0.055 -> 0.825 | P6: =+O6*N6 -> 2.244
A7: Sel fin 25kG | B7: =IFERROR(VLOOKUP(A7,'TARIFS 12 2025'!B6:J463,9,FALSE),"") -> 0.27 | C7: 0.035 | D7: =+C7*B7 -> 0.00945 | E7: Levure Hirondelle 1895 Bande 2,5kG | F7: =IFERROR(VLOOKUP(E7,'TARIFS 12 2025'!B6:J471,9,FALSE),"") -> 3.45 | G7: 0.35 | H7: =+G7*F7 -> 1.2075 | I7: Levure chimique 1kG | J7: =IFERROR(VLOOKUP(I7,'TARIFS 12 2025'!B6:J505,9,FALSE),"") -> 4.69 | K7: 0.16 | L7: =+K7*J7 -> 0.7504 | M7: Levure chimique 1kG | N7: =IFERROR(VLOOKUP(M7,'TARIFS 12 2025'!B6:J513,9,FALSE),"") -> 4.69 | O7: 0.08 | P7: =+O7*N7 -> 0.3752
A8: Levure Hirondelle 1895 Bande 2,5kG | B8: =IFERROR(VLOOKUP(A8,'TARIFS 12 2025'!B7:J463,9,FALSE),"") -> 3.45 | C8: 0.07 | D8: =+C8*B8 -> 0.2415 | E8: Sucre Crist Semoule 25kG | F8: =IFERROR(VLOOKUP(E8,'TARIFS 12 2025'!B7:J472,9,FALSE),"") -> 0.86 | G8: 0.8 | H8: =+G8*F8 -> 0.688 | I8: Farine T45 | J8: =IFERROR(VLOOKUP(I8,'TARIFS 12 2025'!B7:J506,9,FALSE),"") -> 1.05 | K8: 8 | L8: =+K8*J8 -> 8.4 | M8: Farine T45 | N8: =IFERROR(VLOOKUP(M8,'TARIFS 12 2025'!B7:J514,9,FALSE),"") -> 1.05 | O8: 4 | P8: =+O8*N8 -> 4.2
A9: Sucre Crist Semoule 25kG | B9: =IFERROR(VLOOKUP(A9,'TARIFS 12 2025'!B8:J464,9,FALSE),"") -> 0.86 | C9: 0.18 | D9: =+C9*B9 -> 0.1548 | E9: Beurre 82% Motte 25kG | F9: =IFERROR(VLOOKUP(E9,'TARIFS 12 2025'!B8:J473,9,FALSE),"") -> 4.8 | G9: 1 | H9: =+G9*F9 -> 4.8 | I9: Sel fin 25kG | J9: =IFERROR(VLOOKUP(I9,'TARIFS 12 2025'!B8:J507,9,FALSE),"") -> 0.27 | K9: 0.08 | L9: =+K9*J9 -> 0.0216 | M9: Sel fin 25kG | N9: =IFERROR(VLOOKUP(M9,'TARIFS 12 2025'!B8:J515,9,FALSE),"") -> 0.27 | O9: 0.04 | P9: =+O9*N9 -> 0.0108
A10: Huile de tournesol 5L | B10: =IFERROR(VLOOKUP(A10,'TARIFS 12 2025'!B9:J465,9,FALSE),"") -> 1.8 | C10: 0.35 | D10: =+C10*B10 -> 0.63 | E10: Vinaigre de cidre 1l | F10: 2.19 | G10: 0.35 | H10: =+G10*F10 -> 0.7665 | J10: =IFERROR(VLOOKUP(I10,'TARIFS 12 2025'!B9:J508,9,FALSE),"") | M10: Margarine 10kg | N10: =IFERROR(VLOOKUP(M10,'TARIFS 12 2025'!B9:J516,9,FALSE),"") -> 2.5 | O10: 1 | P10: =+O10*N10 -> 2.5
A11: Œuf Frais | B11: =IFERROR(VLOOKUP(A11,'TARIFS 12 2025'!B10:J466,9,FALSE),"") -> 2.72 | C11: 0.22 | D11: =+C11*B11 -> 0.5984 | F11: =IFERROR(VLOOKUP(E11,'TARIFS 12 2025'!B10:J475,9,FALSE),"") | J11: =IFERROR(VLOOKUP(I11,'TARIFS 12 2025'!B10:J509,9,FALSE),"") | N11: =IFERROR(VLOOKUP(M11,'TARIFS 12 2025'!B10:J517,9,FALSE),"")
B12: =IFERROR(VLOOKUP(A12,'TARIFS 12 2025'!B11:J469,9,FALSE),"") | F12: =IFERROR(VLOOKUP(E12,'TARIFS 12 2025'!B11:J476,9,FALSE),"") | J12: =IFERROR(VLOOKUP(I12,'TARIFS 12 2025'!B11:J510,9,FALSE),"") | N12: =IFERROR(VLOOKUP(M12,'TARIFS 12 2025'!B11:J518,9,FALSE),"")
B13: =IFERROR(VLOOKUP(A13,'TARIFS 12 2025'!B12:J470,9,FALSE),"") | F13: =IFERROR(VLOOKUP(E13,'TARIFS 12 2025'!B12:J477,9,FALSE),"") | J13: =IFERROR(VLOOKUP(I13,'TARIFS 12 2025'!B12:J511,9,FALSE),"") | N13: =IFERROR(VLOOKUP(M13,'TARIFS 12 2025'!B12:J519,9,FALSE),"")
B14: =IFERROR(VLOOKUP(A14,'TARIFS 12 2025'!B13:J471,9,FALSE),"") | F14: =IFERROR(VLOOKUP(E14,'TARIFS 12 2025'!B13:J478,9,FALSE),"") | J14: =IFERROR(VLOOKUP(I14,'TARIFS 12 2025'!B13:J512,9,FALSE),"") | N14: =IFERROR(VLOOKUP(M14,'TARIFS 12 2025'!B13:J520,9,FALSE),"")
F15: =IFERROR(VLOOKUP(E15,'TARIFS 12 2025'!B14:J479,9,FALSE),"") | J15: =IFERROR(VLOOKUP(I15,'TARIFS 12 2025'!B14:J513,9,FALSE),"") | N15: =IFERROR(VLOOKUP(M15,'TARIFS 12 2025'!B14:J521,9,FALSE),"")
F16: =IFERROR(VLOOKUP(E16,'TARIFS 12 2025'!B15:J480,9,FALSE),"")
C17: pour 40 | D17: =+SUM(D4:D15) -> 4.72505 | F17: =IFERROR(VLOOKUP(E17,'TARIFS 12 2025'!B16:J481,9,FALSE),"") | G17: pour 31,36 | H17: =+SUM(H4:H15) -> 16.9766 | K17: pour 4 | L17: =+SUM(L4:L15) -> 113.412 | O17: pour 9,44 | P17: =+SUM(P4:P15) -> 16.28
C18: pour 1 | D18: =+D17/40 -> 0.11812625 | F18: =IFERROR(VLOOKUP(E18,'TARIFS 12 2025'!B17:J482,9,FALSE),"") | G18: pour 1 | H18: =+H17/31.36 -> 0.54134566 | K18: pour 1 | L18: =+L17/4 -> 28.353 | O18: pour 1 | P18: =+P17/9.44*0.45 -> 0.77605932
C19: Mini | D19: =D18/5 -> 0.02362525 | F19: =IFERROR(VLOOKUP(E19,'TARIFS 12 2025'!B18:J483,9,FALSE),"") | I19: 17890 | M19: 9445 | P19: =0.05*P18/1 -> 0.038802966
C20: Vendu HT | D20: 0.85 | F20: =IFERROR(VLOOKUP(E20,'TARIFS 12 2025'!B19:J484,9,FALSE),"") | G20: Vendu HT | H20: 4.25 | K20: Vendu HT | L20: 6.52 | O20: Vendu HT | P20: 0.6615
C21: Coef | D21: =+D20/D18 -> 7.1956911 | F21: =IFERROR(VLOOKUP(E21,'TARIFS 12 2025'!B20:J485,9,FALSE),"") | G21: Coef | H21: =+H20/H18 -> 7.8508064 | K21: Coef | L21: =+L20/L18 -> 0.22995803 | O21: Coef | P21: =+P20/P18 -> 0.85238329
F22: =IFERROR(VLOOKUP(E22,'TARIFS 12 2025'!B21:J486,9,FALSE),"")
F23: =IFERROR(VLOOKUP(E23,'TARIFS 12 2025'!B22:J487,9,FALSE),"")
A24: COOKIE | E24: COOKIE PISTACHE | I24: CHOUQUETTE | M24: BOTTEREAUX
B25: Prix au kilo | C25: Quantité | F25: =IFERROR(VLOOKUP(E25,'TARIFS 12 2025'!B24:J489,9,FALSE),"") | G25: Quantité | J25: Prix au kilo | K25: Quantité | N25: Prix au kilo | O25: Quantité
A26: Beurre 82% Motte 25kG | B26: =IFERROR(VLOOKUP(A26,'TARIFS 12 2025'!B3:J525,9,FALSE),"") -> 4.8 | C26: 0.9375 | D26: =+C26*B26 -> 4.5 | E26: Pâte à cookie | F26: =IFERROR(VLOOKUP(E26,'TARIFS 12 2025'!B25:J490,9,FALSE),"") -> 1.91 | G26: 10.625 | H26: =+G26*F26 -> 20.29375 | I26: Eau | J26: =IFERROR(VLOOKUP(I26,'TARIFS 12 2025'!B3:J491,9,FALSE),"") -> 0.004 | K26: 5 | L26: =+K26*J26 -> 0.02 | M26: Farine Emilie TF T65 | N26: =IFERROR(VLOOKUP(M26,'TARIFS 12 2025'!B3:J501,9,FALSE),"") -> 0.705 | O26: 50 | P26: =+O26*N26 -> 35.25
A27: Margarine 10kg | B27: =IFERROR(VLOOKUP(A27,'TARIFS 12 2025'!B4:J526,9,FALSE),"") -> 2.5 | C27: =1.875/2 -> 0.9375 | D27: =+C27*B27 -> 2.34375 | E27: Pistache Decortiquée 1kG | F27: 34.29 | G27: 1 | H27: =+G27*F27 -> 34.29 | I27: Beurre 82% Motte 25kG | J27: =IFERROR(VLOOKUP(I27,'TARIFS 12 2025'!B4:J492,9,FALSE),"") -> 4.8 | K27: 4 | L27: =+K27*J27 -> 19.2 | M27: Eau | N27: =IFERROR(VLOOKUP(M27,'TARIFS 12 2025'!B4:J502,9,FALSE),"") -> 0.004 | O27: 10.75 | P27: =+O27*N27 -> 0.043
A28: Sucre cassonade 25kG (Pure Canne) | B28: =IFERROR(VLOOKUP(A28,'TARIFS 12 2025'!B4:J526,9,FALSE),"") -> 1.467 | C28: 1.5625 | D28: =+C28*B28 -> 2.2921875 | E28: Drops chocolat 44% 25kG | F28: =IFERROR(VLOOKUP(E28,'TARIFS 12 2025'!B27:J492,9,FALSE),"") -> 5.95 | G28: 1 | H28: =+G28*F28 -> 5.95 | I28: Sel fin 25kG | J28: =IFERROR(VLOOKUP(I28,'TARIFS 12 2025'!B5:J493,9,FALSE),"") -> 0.27 | K28: 0.1 | L28: =+K28*J28 -> 0.027 | M28: Œuf Frais | N28: =IFERROR(VLOOKUP(M28,'TARIFS 12 2025'!B5:J503,9,FALSE),"") -> 2.72 | O28: 12 | P28: =+O28*N28 -> 32.64
A29: Sucre Crist Semoule 25kG | B29: =IFERROR(VLOOKUP(A29,'TARIFS 12 2025'!B5:J527,9,FALSE),"") -> 0.86 | C29: 1.5625 | D29: =+C29*B29 -> 1.34375 | E29: Pistache Pâte 3kg | F29: =IFERROR(VLOOKUP(E29,'TARIFS 12 2025'!B28:J493,9,FALSE),"") -> 76.5 | G29: 0.4 | H29: =+G29*F29 -> 30.6 | I29: Sucre Crist Semoule 25kG | J29: =IFERROR(VLOOKUP(I29,'TARIFS 12 2025'!B6:J494,9,FALSE),"") -> 0.86 | K29: 1 | L29: =+K29*J29 -> 0.86 | M29: Levure Hirondelle 1895 Bande 2,5kG | N29: =IFERROR(VLOOKUP(M29,'TARIFS 12 2025'!B6:J504,9,FALSE),"") -> 3.45 | O29: 1.75 | P29: =+O29*N29 -> 6.0375
A30: Œuf Frais | B30: =IFERROR(VLOOKUP(A30,'TARIFS 12 2025'!B6:J528,9,FALSE),"") -> 2.72 | C30: 1.25 | D30: =+C30*B30 -> 3.4 | F30: =IFERROR(VLOOKUP(E30,'TARIFS 12 2025'!B29:J494,9,FALSE),"") | I30: Farine Emilie TF T65 | J30: =IFERROR(VLOOKUP(I30,'TARIFS 12 2025'!B7:J495,9,FALSE),"") -> 0.705 | K30: 4 | L30: =+K30*J30 -> 2.82 | M30: Sucre Crist Semoule 25kG | N30: =IFERROR(VLOOKUP(M30,'TARIFS 12 2025'!B7:J505,9,FALSE),"") -> 0.86 | O30: 6 | P30: =+O30*N30 -> 5.16
A31: Levure chimique 1kG | B31: =IFERROR(VLOOKUP(A31,'TARIFS 12 2025'!B7:J529,9,FALSE),"") -> 4.69 | C31: 0.0625 | D31: =+C31*B31 -> 0.293125 | F31: =IFERROR(VLOOKUP(E31,'TARIFS 12 2025'!B30:J495,9,FALSE),"") | I31: Œuf Frais | J31: =IFERROR(VLOOKUP(I31,'TARIFS 12 2025'!B8:J496,9,FALSE),"") -> 2.72 | K31: 4.7 | L31: =+K31*J31 -> 12.784 | M31: Sel fin 25kG | N31: =IFERROR(VLOOKUP(M31,'TARIFS 12 2025'!B8:J506,9,FALSE),"") -> 0.27 | O31: 1 | P31: =+O31*N31 -> 0.27
A32: Sel fin 25kG | B32: =IFERROR(VLOOKUP(A32,'TARIFS 12 2025'!B8:J530,9,FALSE),"") -> 0.27 | C32: 0.0625 | D32: =+C32*B32 -> 0.016875 | F32: =IFERROR(VLOOKUP(E32,'TARIFS 12 2025'!B31:J496,9,FALSE),"") | I32: Sucre Grain n°6 10kG | J32: =IFERROR(VLOOKUP(I32,'TARIFS 12 2025'!B3:J476,9,FALSE),"") -> 1.776 | K32: 3 | L32: =+K32*J32 -> 5.328 | M32: Top Fournil | N32: =IFERROR(VLOOKUP(M32,'TARIFS 12 2025'!B9:J507,9,FALSE),"") -> 4.49 | O32: 0.25 | P32: =+O32*N32 -> 1.1225
A33: Farine T45 | B33: =IFERROR(VLOOKUP(A33,'TARIFS 12 2025'!B9:J531,9,FALSE),"") -> 1.05 | C33: 4.375 | D33: =+C33*B33 -> 4.59375 | F33: =IFERROR(VLOOKUP(E33,'TARIFS 12 2025'!B32:J497,9,FALSE),"") | I33: Agent Démoulage Aerosol 500mL | J33: =IFERROR(VLOOKUP(I33,'TARIFS 12 2025'!B3:J508,9,FALSE),"") -> 2.75 | K33: 1 | L33: =+K33*J33 -> 2.75 | M33: Margarine 10kg | N33: =IFERROR(VLOOKUP(M33,'TARIFS 12 2025'!B10:J508,9,FALSE),"") -> 2.5 | O33: 15 | P33: =+O33*N33 -> 37.5
A34: Drops chocolat 44% 25kG | B34: =IFERROR(VLOOKUP(A34,'TARIFS 12 2025'!B10:J532,9,FALSE),"") -> 5.95 | C34: 3.125 | D34: =+C34*B34 -> 18.59375 | J34: =IFERROR(VLOOKUP(I34,'TARIFS 12 2025'!B11:J499,9,FALSE),"") | M34: Rhum 40° 20L + taxe | N34: =IFERROR(VLOOKUP(M34,'TARIFS 12 2025'!B11:J509,9,FALSE),"") -> 2.42 | O34: 2.5 | P34: =+O34*N34 -> 6.05
B35: =IFERROR(VLOOKUP(A35,'TARIFS 12 2025'!B12:J534,9,FALSE),"") | J35: =IFERROR(VLOOKUP(I35,'TARIFS 12 2025'!B12:J500,9,FALSE),"")
F36: =IFERROR(VLOOKUP(E36,'TARIFS 12 2025'!B35:J500,9,FALSE),"") | J36: =IFERROR(VLOOKUP(I36,'TARIFS 12 2025'!F13:N503,9,FALSE),"") | N36: =IFERROR(VLOOKUP(M36,'TARIFS 12 2025'!J13:R503,9,FALSE),"")
F37: =IFERROR(VLOOKUP(E37,'TARIFS 12 2025'!B36:J501,9,FALSE),"") | J37: =IFERROR(VLOOKUP(I37,'TARIFS 12 2025'!F14:N504,9,FALSE),"") | N37: =IFERROR(VLOOKUP(M37,'TARIFS 12 2025'!J14:R504,9,FALSE),"")
C39: pour 150 | D39: =+SUM(D26:D37) -> 37.377188 | G39: pour 120 | H39: =+SUM(H26:H37) -> 91.13375 | K39: pour 2100 | L39: =+SUM(L26:L37) -> 43.789 | O39: pour 111,75 | P39: =+SUM(P26:P37) -> 124.073
C40: pour 1 | D40: =+D39/150 -> 0.24918125 | G40: pour 1 | H40: =+H39/120 -> 0.75944792 | K40: pour 1 | L40: =+L39/2100 -> 0.020851905 | O40: pour 1 | P40: =+P39/111.75 -> 1.1102729
C42: Vendu HT | D42: =2*0.945 -> 1.89 | G42: Vendu HT | H42: =3.8*0.945 -> 3.591 | K42: Vendu HT | L42: 0.21 | N42: 25 € TTC vente | O42: Vendu HT | P42: =25*0.945 -> 23.625
C43: Coef | D43: =+D42/D40 -> 7.5848404 | G43: Coef | H43: =+H42/H40 -> 4.7284349 | K43: Coef | L43: =+L42/L40 -> 10.071022 | O43: Coef | P43: =+P42/P40 -> 21.278552
O44: Marge | P44: =(P42-P40)/P42 -> 0.95300432
A45: MINI COOKIE | E45: Rocher coco | I45: Mini meringue | M45: SABLEE BRETON
B46: Prix au kilo | C46: Quantité | F46: Prix au kilo | G46: Quantité | J46: Prix au kilo | K46: Quantité | N46: Prix au kilo | O46: Quantité
A47: Beurre 82% Motte 25kG | B47: =IFERROR(VLOOKUP(A47,'TARIFS 12 2025'!B24:J546,9,FALSE),"") -> 4.8 | C47: 1.875 | D47: =+C47*B47 -> 9 | E47: Blanc Œuf Liquide 1kG | F47: =IFERROR(VLOOKUP(E47,'TARIFS 12 2025'!B24:J514,9,FALSE),"") -> 3.29 | G47: 0.8 | H47: =+G47*F47 -> 2.632 | I47: Blanc Œuf Liquide 1kG | J47: 3.51 | K47: 1 | L47: =+K47*J47 -> 3.51 | M47: Beurre 82% Motte 25kG | N47: =B47 -> 4.8 | O47: =6.65/2 -> 3.325 | P47: =+O47*N47 -> 15.96
A48: Sucre cassonade 25kG (Pure Canne) | B48: =IFERROR(VLOOKUP(A48,'TARIFS 12 2025'!B25:J547,9,FALSE),"") -> 1.467 | C48: 1.5625 | D48: =+C48*B48 -> 2.2921875 | E48: Sucre Crist Semoule 25kG | F48: =IFERROR(VLOOKUP(E48,'TARIFS 12 2025'!B25:J515,9,FALSE),"") -> 0.86 | G48: 1 | H48: =+G48*F48 -> 0.86 | I48: Sucre Crist Semoule 25kG | J48: 0.86 | K48: 2 | L48: =+K48*J48 -> 1.72 | M48: Sucre glace sac papier 10kG | N48: =B48 -> 1.467 | O48: 6 | P48: =+O48*N48 -> 8.802
A49: Sucre Crist Semoule 25kG | B49: =IFERROR(VLOOKUP(A49,'TARIFS 12 2025'!B26:J548,9,FALSE),"") -> 0.86 | C49: 1.5625 | D49: =+C49*B49 -> 1.34375 | E49: Coco Rapé | F49: =IFERROR(VLOOKUP(E49,'TARIFS 12 2025'!B26:J516,9,FALSE),"") -> 6.45 | G49: 1.25 | H49: =+G49*F49 -> 8.0625 | M49: Œuf Frais | N49: =B49 -> 0.86 | O49: 1 | P49: =+O49*N49 -> 0.86
A50: Œuf Frais | B50: =IFERROR(VLOOKUP(A50,'TARIFS 12 2025'!B27:J549,9,FALSE),"") -> 2.72 | C50: 1.25 | D50: =+C50*B50 -> 3.4 | F50: =IFERROR(VLOOKUP(E50,'TARIFS 12 2025'!B27:J517,9,FALSE),"") | M50: Levure chimique 1kG | N50: =B50 -> 2.72 | O50: 0.12 | P50: =+O50*N50 -> 0.3264
A51: Levure chimique 1kG | B51: =IFERROR(VLOOKUP(A51,'TARIFS 12 2025'!B28:J550,9,FALSE),"") -> 4.69 | C51: 0.0625 | D51: =+C51*B51 -> 0.293125 | F51: =IFERROR(VLOOKUP(E51,'TARIFS 12 2025'!B28:J518,9,FALSE),"") | M51: Sel fin 25kG | N51: =B51 -> 4.69 | O51: 0.15 | P51: =+O51*N51 -> 0.7035
A52: Sel fin 25kG | B52: =IFERROR(VLOOKUP(A52,'TARIFS 12 2025'!B29:J551,9,FALSE),"") -> 0.27 | C52: 0.0625 | D52: =+C52*B52 -> 0.016875 | F52: =IFERROR(VLOOKUP(E52,'TARIFS 12 2025'!B29:J519,9,FALSE),"") | M52: Farine T45 | N52: =B52 -> 0.27 | O52: 8 | P52: =+O52*N52 -> 2.16
A53: Farine T45 | B53: =IFERROR(VLOOKUP(A53,'TARIFS 12 2025'!B30:J552,9,FALSE),"") -> 1.05 | C53: 4.375 | D53: =+C53*B53 -> 4.59375 | F53: =IFERROR(VLOOKUP(E53,'TARIFS 12 2025'!B30:J520,9,FALSE),"") | M53: Jaune Œuf Cocotine PEP 1kG | N53: =B53 -> 1.05 | O53: 1 | P53: =+O53*N53 -> 1.05
F54: =IFERROR(VLOOKUP(E54,'TARIFS 12 2025'!B31:J521,9,FALSE),"") | M54: Margarine 10kg | N54: 2.5 | O54: 3.325 | P54: =+O54*N54 -> 8.3125
B55: =IFERROR(VLOOKUP(A55,'TARIFS 12 2025'!B32:J554,9,FALSE),"") | F55: =IFERROR(VLOOKUP(E55,'TARIFS 12 2025'!B32:J522,9,FALSE),"") | J55: =IFERROR(VLOOKUP(I55,'TARIFS 12 2025'!B32:J520,9,FALSE),"")
B56: =IFERROR(VLOOKUP(A56,'TARIFS 12 2025'!B33:J555,9,FALSE),"") | J56: =IFERROR(VLOOKUP(I56,'TARIFS 12 2025'!B33:J521,9,FALSE),"")
F57: =IFERROR(VLOOKUP(E57,'TARIFS 12 2025'!B34:J524,9,FALSE),"") | J57: =IFERROR(VLOOKUP(I57,'TARIFS 12 2025'!F34:N524,9,FALSE),"") | N57: =IFERROR(VLOOKUP(M57,'TARIFS 12 2025'!J34:R524,9,FALSE),"")
F58: =IFERROR(VLOOKUP(E58,'TARIFS 12 2025'!B35:J525,9,FALSE),"") | J58: =IFERROR(VLOOKUP(I58,'TARIFS 12 2025'!F35:N525,9,FALSE),"") | N58: =IFERROR(VLOOKUP(M58,'TARIFS 12 2025'!J35:R525,9,FALSE),"")
C59: =SUM(C47:C58) -> 10.75 | G59: =SUM(G47:G58) -> 3.05 | K59: =SUM(K47:K58) -> 3 | O59: =SUM(O47:O58) -> 22.92 | P59: =P60/O59 -> 1.6655497 | Q59: =P59*5 -> 8.3277487
D60: =+SUM(D47:D58) -> 20.939688 | H60: =+SUM(H47:H58) -> 11.5545 | L60: =+SUM(L47:L58) -> 5.23 | P60: =+SUM(P47:P58) -> 38.1744
C61: pour 10+Sachet | D61: =(D60*0.007/C59)*10+0.09 -> 0.22635145 | G61: pour 10+Sachet | H61: =(H60*0.007/G59)*10+0.09 -> 0.35518525 | K61: pour 10+Sachet | L61: =(L60*0.007/K59)*10+0.09 -> 0.21203333 | O61: pour 10+Sachet | P61: =(P60*0.007/O59)*10+0.09 -> 0.20658848
C62: Vendu TTC | D62: 1.5 | G62: Vendu TTC | H62: 1.8 | K62: Vendu TTC | L62: 1.5 | O62: Vendu TTC | P62: 1.8
C63: Vendu HT | D63: =D62/(1+5.5/100) -> 1.4218009 | G63: Vendu HT | H63: =H62/(1+5.5/100) -> 1.7061611 | K63: Vendu HT | L63: =L62/(1+5.5/100) -> 1.4218009 | N63: 25 € TTC vente | O63: Vendu HT | P63: =P62/(1+5.5/100) -> 1.7061611
C64: Coef | D64: =+D63/D61 -> 6.2813864 | G64: Coef | H64: =+H63/H61 -> 4.8035811 | K64: Coef | L64: =+L63/L61 -> 6.7055539 | O64: Coef | P64: =+P63/P61 -> 8.2587428
C65: Marge | D65: =(D63-D61)*100/D63 -> 84.079948 | G65: Marge | H65: =(H63-H61)*100/H63 -> 79.182198 | K65: Marge | L65: =(L63-L61)*100/L63 -> 85.086989 | O65: Marge | P65: =(P63-P61)*100/P63 -> 87.89162
A66: COOKIE PISTACHE
B67: =IFERROR(VLOOKUP(A67,'TARIFS 12 2025'!#REF!,9,FALSE),"") | C67: Quantité
A68: Pâte à cookie | B68: =IFERROR(VLOOKUP(A68,'TARIFS 12 2025'!B30:J552,9,FALSE),"") -> 1.91 | C68: 10.25 | D68: =+C68*B68 -> 19.5775
A69: Cacao Poudre 3kg | B69: =IFERROR(VLOOKUP(A69,'TARIFS 12 2025'!B31:J553,9,FALSE),"")/3 -> 6.4333333 | C69: 1 | D69: =+C69*B69 -> 6.4333333
A70: Drops chocolat 44% 25kG | B70: =IFERROR(VLOOKUP(A70,'TARIFS 12 2025'!B32:J554,9,FALSE),"") -> 5.95 | C70: 1.25 | D70: =+C70*B70 -> 7.4375
A71: Couv Lait 41% 10kG | B71: =IFERROR(VLOOKUP(A71,'TARIFS 12 2025'!B33:J555,9,FALSE),"") -> 10.85 | C71: 1.2 | D71: =+C71*B71 -> 13.02
B72: =IFERROR(VLOOKUP(A72,'TARIFS 12 2025'!#REF!,9,FALSE),"")
B73: =IFERROR(VLOOKUP(A73,'TARIFS 12 2025'!#REF!,9,FALSE),"")
B74: =IFERROR(VLOOKUP(A74,'TARIFS 12 2025'!#REF!,9,FALSE),"")
B75: =IFERROR(VLOOKUP(A75,'TARIFS 12 2025'!#REF!,9,FALSE),"")
B78: =IFERROR(VLOOKUP(A78,'TARIFS 12 2025'!#REF!,9,FALSE),"")
B79: =IFERROR(VLOOKUP(A79,'TARIFS 12 2025'!#REF!,9,FALSE),"")
C81: pour 120 | D81: =+SUM(D68:D79) -> 46.468333
C82: pour 1 | D82: =+D81/120 -> 0.38723611
C84: Vendu HT | D84: =3.8*0.945 -> 3.591
C85: Coef | D85: =+D84/D82 -> 9.273412

Sheet PAIN - PAP PARIS
A1: Coeff souhaité | B1: 8
A2: PAIN COMPLET | E2: TRADITION | I2: TRADIGRAINE
B3: Prix au kilo | C3: Quantité | F3: Prix au kilo | G3: Quantité | J3: Prix au kilo | K3: Quantité | N3: Prix au kilo | O3: Quantité
A4: Farine Complet Arthur | B4: =IFERROR(VLOOKUP(A4,'TARIFS 12 2025'!B3:J461,9,FALSE),"") -> 0.995 | C4: 1 | D4: =+C4*B4 -> 0.995 | E4: Farine Emilie TF T65 | F4: =IFERROR(VLOOKUP(E4,'TARIFS 12 2025'!B3:J466,9,FALSE),"") -> 0.705 | G4: 1 | H4: =+G4*F4 -> 0.705 | I4: Farine Emilie TF T65 | J4: =IFERROR(VLOOKUP(I4,'TARIFS 12 2025'!B3:J502,9,FALSE),"") -> 0.705 | K4: 1 | L4: =+K4*J4 -> 0.705 | N4: =IFERROR(VLOOKUP(M4,'TARIFS 12 2025'!B3:J510,9,FALSE),"") | P4: =+O4*N4 -> #VALUE!
A5: Eau | B5: =IFERROR(VLOOKUP(A5,'TARIFS 12 2025'!B4:J461,9,FALSE),"") -> 0.004 | C5: 0.7 | D5: =+C5*B5 -> 0.0028 | E5: Eau | F5: =IFERROR(VLOOKUP(E5,'TARIFS 12 2025'!B4:J469,9,FALSE),"") -> 0.004 | G5: 0.73 | H5: =+G5*F5 -> 0.00292 | I5: Eau | J5: =IFERROR(VLOOKUP(I5,'TARIFS 12 2025'!B4:J503,9,FALSE),"") -> 0.004 | K5: 0.73 | L5: =+K5*J5 -> 0.00292 | N5: =IFERROR(VLOOKUP(M5,'TARIFS 12 2025'!B4:J511,9,FALSE),"") | P5: =+O5*N5 -> #VALUE!
A6: Sel fin 25kG | B6: =IFERROR(VLOOKUP(A6,'TARIFS 12 2025'!B5:J462,9,FALSE),"") -> 0.27 | C6: 0.022 | D6: =+C6*B6 -> 0.00594 | E6: Sel fin 25kG | F6: =IFERROR(VLOOKUP(E6,'TARIFS 12 2025'!B5:J470,9,FALSE),"") -> 0.27 | G6: 0.022 | H6: =+G6*F6 -> 0.00594 | I6: Sel fin 25kG | J6: =IFERROR(VLOOKUP(I6,'TARIFS 12 2025'!B5:J504,9,FALSE),"") -> 0.27 | K6: 0.022 | L6: =+K6*J6 -> 0.00594 | N6: =IFERROR(VLOOKUP(M6,'TARIFS 12 2025'!B5:J512,9,FALSE),"") | P6: =+O6*N6 -> #VALUE!
A7: Levure Hirondelle 1895 Bande 2,5kG | B7: =IFERROR(VLOOKUP(A7,'TARIFS 12 2025'!B6:J463,9,FALSE),"") -> 3.45 | C7: 0.005 | D7: =+C7*B7 -> 0.01725 | E7: Levure Hirondelle 1895 Bande 2,5kG | F7: =IFERROR(VLOOKUP(E7,'TARIFS 12 2025'!B6:J471,9,FALSE),"") -> 3.45 | G7: 0.006 | H7: =+G7*F7 -> 0.0207 | I7: Levure Hirondelle 1895 Bande 2,5kG | J7: =IFERROR(VLOOKUP(I7,'TARIFS 12 2025'!B6:J505,9,FALSE),"") -> 3.45 | K7: 0.006 | L7: =+K7*J7 -> 0.0207 | N7: =IFERROR(VLOOKUP(M7,'TARIFS 12 2025'!B6:J513,9,FALSE),"") | P7: =+O7*N7 -> #VALUE!
A8: Levain Dur | B8: =IFERROR(VLOOKUP(A8,'TARIFS 12 2025'!B7:J463,9,FALSE),"") -> 0.71633333 | C8: 0.1 | D8: =+C8*B8 -> 0.071633333 | E8: Levain Dur | F8: =IFERROR(VLOOKUP(E8,'TARIFS 12 2025'!B7:J472,9,FALSE),"") -> 0.71633333 | G8: 0.1 | H8: =+G8*F8 -> 0.071633333 | I8: Levain Dur | J8: =IFERROR(VLOOKUP(I8,'TARIFS 12 2025'!B7:J506,9,FALSE),"") -> 0.71633333 | K8: 0.1 | L8: =+K8*J8 -> 0.071633333 | N8: =IFERROR(VLOOKUP(M8,'TARIFS 12 2025'!B7:J514,9,FALSE),"") | P8: =+O8*N8 -> #VALUE!
B9: =IFERROR(VLOOKUP(A9,'TARIFS 12 2025'!B8:J464,9,FALSE),"") | F9: =IFERROR(VLOOKUP(E9,'TARIFS 12 2025'!B8:J473,9,FALSE),"") | I9: Mélange 6 Graines 25kG | J9: =IFERROR(VLOOKUP(I9,'TARIFS 12 2025'!B8:J507,9,FALSE),"") -> 2.11 | K9: 0.1 | L9: =+K9*J9 -> 0.211 | N9: =IFERROR(VLOOKUP(M9,'TARIFS 12 2025'!B8:J515,9,FALSE),"") | P9: =+O9*N9 -> #VALUE!
B10: =IFERROR(VLOOKUP(A10,'TARIFS 12 2025'!B9:J465,9,FALSE),"") | F10: =IFERROR(VLOOKUP(E10,'TARIFS 12 2025'!B9:J474,9,FALSE),"") | I10: Eau | J10: =IFERROR(VLOOKUP(I10,'TARIFS 12 2025'!B9:J508,9,FALSE),"") -> 0.004 | K10: 0.1 | L10: =+K10*J10 -> 0.0004 | N10: =IFERROR(VLOOKUP(M10,'TARIFS 12 2025'!B9:J516,9,FALSE),"")
B11: =IFERROR(VLOOKUP(A11,'TARIFS 12 2025'!B10:J466,9,FALSE),"") | J11: =IFERROR(VLOOKUP(I11,'TARIFS 12 2025'!B10:J509,9,FALSE),"") | N11: =IFERROR(VLOOKUP(M11,'TARIFS 12 2025'!B10:J517,9,FALSE),"")
B12: =IFERROR(VLOOKUP(A12,'TARIFS 12 2025'!B11:J469,9,FALSE),"") | J12: =IFERROR(VLOOKUP(I12,'TARIFS 12 2025'!B11:J510,9,FALSE),"") | N12: =IFERROR(VLOOKUP(M12,'TARIFS 12 2025'!B11:J518,9,FALSE),"")
B13: =IFERROR(VLOOKUP(A13,'TARIFS 12 2025'!B12:J470,9,FALSE),"") | J13: =IFERROR(VLOOKUP(I13,'TARIFS 12 2025'!B12:J511,9,FALSE),"") | N13: =IFERROR(VLOOKUP(M13,'TARIFS 12 2025'!B12:J519,9,FALSE),"")
B14: =IFERROR(VLOOKUP(A14,'TARIFS 12 2025'!B13:J471,9,FALSE),"") | J14: =IFERROR(VLOOKUP(I14,'TARIFS 12 2025'!B13:J512,9,FALSE),"") | N14: =IFERROR(VLOOKUP(M14,'TARIFS 12 2025'!B13:J520,9,FALSE),"")
J15: =IFERROR(VLOOKUP(I15,'TARIFS 12 2025'!B14:J513,9,FALSE),"") | N15: =IFERROR(VLOOKUP(M15,'TARIFS 12 2025'!B14:J521,9,FALSE),"")
C17: pour 5,3 | D17: =+SUM(D4:D15) -> 1.0926233 | G17: pour 7,15 | H17: =+SUM(H4:H15) -> 0.80619333 | K17: pour 7,22 | L17: =+SUM(L4:L15) -> 1.0175933 | O17: pour 4,73 | P17: =+SUM(P4:P15) -> #VALUE!
C18: pour 1 | D18: =+D17/5.3 -> 0.20615535 | G18: pour 1 | H18: =+H17/7.15 -> 0.11275431 | K18: pour 1 | L18: =+L17/7.22 -> 0.1409409 | O18: pour 1 | P18: =+P17/4.73 -> #VALUE!
M19: 9445
C20: Vendu HT | D20: 2.74 | G20: Vendu HT | H20: 1.09 | K20: Vendu HT | L20: 1.323 | O20: Vendu HT | P20: 0.6615
C21: Coef | D21: =+D20/D18 -> 13.290948 | G21: Coef | H21: =+H20/H18 -> 9.667036 | K21: Coef | L21: =+L20/L18 -> 9.3869129 | O21: Coef | P21: =+P20/P18 -> #VALUE!
A24: COOKIE
B25: Prix au kilo | C25: Quantité | F25: Prix au kilo | G25: Quantité | J25: Prix au kilo | K25: Quantité | N25: Prix au kilo | O25: Quantité
B26: =IFERROR(VLOOKUP(A26,'TARIFS 12 2025'!B3:J525,9,FALSE),"") | D26: =+C26*B26 -> #VALUE! | F26: =IFERROR(VLOOKUP(E26,'TARIFS 12 2025'!B3:J493,9,FALSE),"") | H26: =+G26*F26 -> #VALUE! | J26: =IFERROR(VLOOKUP(I26,'TARIFS 12 2025'!B3:J491,9,FALSE),"") | L26: =+K26*J26 -> #VALUE! | N26: =IFERROR(VLOOKUP(M26,'TARIFS 12 2025'!B3:J501,9,FALSE),"") | P26: =+O26*N26 -> #VALUE!
B27: =IFERROR(VLOOKUP(A27,'TARIFS 12 2025'!B4:J526,9,FALSE),"") | D27: =+C27*B27 -> #VALUE! | F27: =IFERROR(VLOOKUP(E27,'TARIFS 12 2025'!B4:J494,9,FALSE),"") | H27: =+G27*F27 -> #VALUE! | J27: =IFERROR(VLOOKUP(I27,'TARIFS 12 2025'!B4:J492,9,FALSE),"") | L27: =+K27*J27 -> #VALUE! | N27: =IFERROR(VLOOKUP(M27,'TARIFS 12 2025'!B4:J502,9,FALSE),"") | P27: =+O27*N27 -> #VALUE!
B28: =IFERROR(VLOOKUP(A28,'TARIFS 12 2025'!B5:J527,9,FALSE),"") | D28: =+C28*B28 -> #VALUE! | F28: =IFERROR(VLOOKUP(E28,'TARIFS 12 2025'!B5:J495,9,FALSE),"") | H28: =+G28*F28 -> #VALUE! | J28: =IFERROR(VLOOKUP(I28,'TARIFS 12 2025'!B5:J493,9,FALSE),"") | L28: =+K28*J28 -> #VALUE! | N28: =IFERROR(VLOOKUP(M28,'TARIFS 12 2025'!B5:J503,9,FALSE),"") | P28: =+O28*N28 -> #VALUE!
B29: =IFERROR(VLOOKUP(A29,'TARIFS 12 2025'!B6:J528,9,FALSE),"") | D29: =+C29*B29 -> #VALUE! | F29: =IFERROR(VLOOKUP(E29,'TARIFS 12 2025'!B6:J496,9,FALSE),"") | H29: =+G29*F29 -> #VALUE! | J29: =IFERROR(VLOOKUP(I29,'TARIFS 12 2025'!B6:J494,9,FALSE),"") | L29: =+K29*J29 -> #VALUE! | N29: =IFERROR(VLOOKUP(M29,'TARIFS 12 2025'!B6:J504,9,FALSE),"") | P29: =+O29*N29 -> #VALUE!
B30: =IFERROR(VLOOKUP(A30,'TARIFS 12 2025'!B7:J529,9,FALSE),"") | D30: =+C30*B30 -> #VALUE! | F30: =IFERROR(VLOOKUP(E30,'TARIFS 12 2025'!B7:J497,9,FALSE),"") | H30: =+G30*F30 -> #VALUE! | J30: =IFERROR(VLOOKUP(I30,'TARIFS 12 2025'!B7:J495,9,FALSE),"") | L30: =+K30*J30 -> #VALUE! | N30: =IFERROR(VLOOKUP(M30,'TARIFS 12 2025'!B7:J505,9,FALSE),"") | P30: =+O30*N30 -> #VALUE!
B31: =IFERROR(VLOOKUP(A31,'TARIFS 12 2025'!B8:J530,9,FALSE),"") | D31: =+C31*B31 -> #VALUE! | F31: =IFERROR(VLOOKUP(E31,'TARIFS 12 2025'!B8:J498,9,FALSE),"") | H31: =+G31*F31 -> #VALUE! | J31: =IFERROR(VLOOKUP(I31,'TARIFS 12 2025'!B8:J496,9,FALSE),"") | L31: =+K31*J31 -> #VALUE! | N31: =IFERROR(VLOOKUP(M31,'TARIFS 12 2025'!B8:J506,9,FALSE),"") | P31: =+O31*N31 -> #VALUE!
B32: =IFERROR(VLOOKUP(A32,'TARIFS 12 2025'!B9:J531,9,FALSE),"") | D32: =+C32*B32 -> #VALUE! | F32: =IFERROR(VLOOKUP(E32,'TARIFS 12 2025'!B9:J499,9,FALSE),"") | H32: =+G32*F32 -> #VALUE! | J32: =IFERROR(VLOOKUP(I32,'TARIFS 12 2025'!B9:J497,9,FALSE),"") | L32: =+K32*J32 -> #VALUE! | N32: =IFERROR(VLOOKUP(M32,'TARIFS 12 2025'!B9:J507,9,FALSE),"") | P32: =+O32*N32 -> #VALUE!
B33: =IFERROR(VLOOKUP(A33,'TARIFS 12 2025'!B10:J532,9,FALSE),"") | F33: =IFERROR(VLOOKUP(E33,'TARIFS 12 2025'!B10:J500,9,FALSE),"") | H33: =+G33*F33 -> #VALUE! | J33: =IFERROR(VLOOKUP(I33,'TARIFS 12 2025'!B10:J498,9,FALSE),"") | L33: =+K33*J33 -> #VALUE! | N33: =IFERROR(VLOOKUP(M33,'TARIFS 12 2025'!B10:J508,9,FALSE),"") | P33: =+O33*N33 -> #VALUE!
B34: =IFERROR(VLOOKUP(A34,'TARIFS 12 2025'!B11:J533,9,FALSE),"") | F34: =IFERROR(VLOOKUP(E34,'TARIFS 12 2025'!B11:J501,9,FALSE),"") | H34: =+G34*F34 -> #VALUE! | J34: =IFERROR(VLOOKUP(I34,'TARIFS 12 2025'!B11:J499,9,FALSE),"") | L34: =+K34*J34 -> #VALUE! | N34: =IFERROR(VLOOKUP(M34,'TARIFS 12 2025'!B11:J509,9,FALSE),"") | P34: =+O34*N34 -> #VALUE!
B35: =IFERROR(VLOOKUP(A35,'TARIFS 12 2025'!B12:J534,9,FALSE),"") | J35: =IFERROR(VLOOKUP(I35,'TARIFS 12 2025'!B12:J500,9,FALSE),"") | L35: =+K35*J35 -> #VALUE!
F36: =IFERROR(VLOOKUP(E36,'TARIFS 12 2025'!B13:J503,9,FALSE),"") | J36: =IFERROR(VLOOKUP(I36,'TARIFS 12 2025'!F13:N503,9,FALSE),"") | N36: =IFERROR(VLOOKUP(M36,'TARIFS 12 2025'!J13:R503,9,FALSE),"")
F37: =IFERROR(VLOOKUP(E37,'TARIFS 12 2025'!B14:J504,9,FALSE),"") | J37: =IFERROR(VLOOKUP(I37,'TARIFS 12 2025'!F14:N504,9,FALSE),"") | N37: =IFERROR(VLOOKUP(M37,'TARIFS 12 2025'!J14:R504,9,FALSE),"")
C39: pour 25 | D39: =+SUM(D26:D37) -> #VALUE! | G39: pour 44,72 | H39: =+SUM(H26:H37) -> #VALUE! | K39: pour 56 | L39: =+SUM(L26:L37) -> #VALUE! | O39: pour 112 | P39: =+SUM(P26:P37) -> #VALUE!
C40: pour 1 | D40: =+D39/25 -> #VALUE! | G40: pour 1 | H40: =+H39/44.72 -> #VALUE! | K40: pour 1 | L40: =+L39/56 -> #VALUE! | O40: pour 1 | P40: =+P39/112 -> #VALUE!
A41: 10750
C42: Vendu HT | D42: 1.7955 | G42: Vendu HT | H42: 1.75 | K42: Vendu HT | L42: 0.99 | O42: Vendu HT | P42: 0.9
C43: Coef | D43: =+D42/D40 -> #VALUE! | G43: Coef | H43: =+H42/H40 -> #VALUE! | K43: Coef | L43: =+L42/L40 -> #VALUE! | O43: Coef | P43: =+P42/P40 -> #VALUE!

Sheet PATISSERIE - PAP PARIS
A1: Coeff souhaité | B1: 4
A2: FLAN | E2: TARTELETTE Abricot | I2: Falette Grangipane | M2: TARTELETTE POMME
B3: Prix au kilo | C3: Quantité | F3: Prix au kilo | G3: Quantité | J3: Prix au kilo | K3: Quantité | N3: Prix au kilo | O3: Quantité
A4: Feuilletage | B4: =IFERROR(VLOOKUP(A4,'TARIFS 12 2025'!B3:J461,9,FALSE),"") -> 1.69113 | C4: 0.4 | D4: =+C4*B4 -> 0.67645201 | E4: Sablée Breton | F4: =IFERROR(VLOOKUP(E4,'TARIFS 12 2025'!B3:J466,9,FALSE),"") -> 2.429856 | G4: 0.048 | H4: =+G4*F4 -> 0.11663309 | I4: Feuilletage | J4: =IFERROR(VLOOKUP(I4,'TARIFS 12 2025'!B3:J502,9,FALSE),"") -> 1.69113 | K4: 0.38 | L4: =+K4*J4 -> 0.64262941 | M4: Feuilletage | N4: =IFERROR(VLOOKUP(M4,'TARIFS 12 2025'!B3:J510,9,FALSE),"") -> 1.69113 | O4: 0.05 | P4: =+O4*N4 -> 0.084556501
A5: Crème Patissière | B5: =IFERROR(VLOOKUP(A5,'TARIFS 12 2025'!B4:J461,9,FALSE),"") -> 0.9775 | C5: 1.2 | D5: =+C5*B5 -> 1.173 | E5: Ganache montée | F5: =IFERROR(VLOOKUP(E5,'TARIFS 12 2025'!B4:J469,9,FALSE),"") -> 6.5775299 | G5: 0.015 | H5: =+G5*F5 -> 0.098662948 | I5: Crème Patissière | J5: =IFERROR(VLOOKUP(I5,'TARIFS 12 2025'!B4:J503,9,FALSE),"") -> 0.9775 | K5: =0.22/3 -> 0.073333333 | L5: =+K5*J5 -> 0.071683333 | M5: Compote 33% 5/1 UNL | N5: =IFERROR(VLOOKUP(M5,'TARIFS 12 2025'!B4:J511,9,FALSE),"") -> 7.7 | O5: 0.02 | P5: =2.31/3*0.05 -> 0.0385
A6: Caissette Ronde 1201F70 | B6: =IFERROR(VLOOKUP(A6,'TARIFS 12 2025'!B5:J462,9,FALSE),"") -> 0.006878 | C6: 8 | D6: =+C6*B6 -> 0.055024 | E6: Abricot 1/2 pelé sirop 5/1 | F6: =9.88/2.4 -> 4.1166667 | G6: 0.06 | H6: =+G6*F6 -> 0.247 | I6: Amande poudre blanche 10kg | J6: =IFERROR(VLOOKUP(I6,'TARIFS 12 2025'!B5:J504,9,FALSE),"") -> 5.24 | K6: =0.22/3*2*0.25 -> 0.036666667 | L6: =+K6*J6 -> 0.19213333 | M6: Pomme gala 18,2kG | N6: =IFERROR(VLOOKUP(M6,'TARIFS 12 2025'!B5:J512,9,FALSE),"") -> 1.03 | O6: 0.09 | P6: =+O6*N6 -> 0.0927
F7: =IFERROR(VLOOKUP(E7,'TARIFS 12 2025'!B6:J471,9,FALSE),"") | I7: Œuf Frais | J7: =IFERROR(VLOOKUP(I7,'TARIFS 12 2025'!B6:J505,9,FALSE),"") -> 2.72 | K7: =0.22/3*2*0.25 -> 0.036666667 | L7: =+K7*J7 -> 0.099733333 | N7: =IFERROR(VLOOKUP(M7,'TARIFS 12 2025'!B6:J513,9,FALSE),"")
B8: =IFERROR(VLOOKUP(A8,'TARIFS 12 2025'!B7:J463,9,FALSE),"") | F8: =IFERROR(VLOOKUP(E8,'TARIFS 12 2025'!B7:J472,9,FALSE),"") | I8: Beurre 82% Motte 25kG | J8: =IFERROR(VLOOKUP(I8,'TARIFS 12 2025'!B7:J506,9,FALSE),"") -> 4.8 | K8: =0.22/3*2*0.25 -> 0.036666667 | L8: =+K8*J8 -> 0.176 | N8: =IFERROR(VLOOKUP(M8,'TARIFS 12 2025'!B7:J514,9,FALSE),"")
B9: =IFERROR(VLOOKUP(A9,'TARIFS 12 2025'!B8:J464,9,FALSE),"") | F9: =IFERROR(VLOOKUP(E9,'TARIFS 12 2025'!B8:J473,9,FALSE),"") | I9: Sucre Crist Semoule 25kG | J9: =IFERROR(VLOOKUP(I9,'TARIFS 12 2025'!B8:J507,9,FALSE),"") -> 0.86 | K9: =0.22/3*2*0.25 -> 0.036666667 | L9: =+K9*J9 -> 0.031533333 | N9: =IFERROR(VLOOKUP(M9,'TARIFS 12 2025'!B8:J515,9,FALSE),"")
B10: =IFERROR(VLOOKUP(A10,'TARIFS 12 2025'!B9:J465,9,FALSE),"") | F10: =IFERROR(VLOOKUP(E10,'TARIFS 12 2025'!B9:J474,9,FALSE),"") | I10: Plaque ronds uni Noir et Or 22 | J10: =IFERROR(VLOOKUP(I10,'TARIFS 12 2025'!B9:J508,9,FALSE),"") -> 8.85 | K10: 0.01 | L10: =+K10*J10 -> 0.0885 | N10: =IFERROR(VLOOKUP(M10,'TARIFS 12 2025'!B9:J516,9,FALSE),"")
B11: =IFERROR(VLOOKUP(A11,'TARIFS 12 2025'!B10:J466,9,FALSE),"") | I11: Fèves 2024 | J11: 0.6 | K11: 1 | L11: =+K11*J11 -> 0.6 | N11: =IFERROR(VLOOKUP(M11,'TARIFS 12 2025'!B10:J517,9,FALSE),"")
B12: =IFERROR(VLOOKUP(A12,'TARIFS 12 2025'!B11:J469,9,FALSE),"") | I12: Couronne | J12: =IFERROR(VLOOKUP(I12,'TARIFS 12 2025'!B11:J510,9,FALSE),"") -> 4.62 | K12: 0.01 | L12: =+K12*J12 -> 0.0462 | N12: =IFERROR(VLOOKUP(M12,'TARIFS 12 2025'!B11:J518,9,FALSE),"")
B13: =IFERROR(VLOOKUP(A13,'TARIFS 12 2025'!B12:J470,9,FALSE),"") | I13: Sac à galette | J13: =IFERROR(VLOOKUP(I13,'TARIFS 12 2025'!B12:J511,9,FALSE),"") -> 11.05 | K13: 0.01 | L13: =+K13*J13 -> 0.1105 | N13: =IFERROR(VLOOKUP(M13,'TARIFS 12 2025'!B12:J519,9,FALSE),"")
B14: =IFERROR(VLOOKUP(A14,'TARIFS 12 2025'!B13:J471,9,FALSE),"") | J14: =IFERROR(VLOOKUP(I14,'TARIFS 12 2025'!B13:J512,9,FALSE),"") | N14: =IFERROR(VLOOKUP(M14,'TARIFS 12 2025'!B13:J520,9,FALSE),"")
J15: =IFERROR(VLOOKUP(I15,'TARIFS 12 2025'!B14:J513,9,FALSE),"") | N15: =IFERROR(VLOOKUP(M15,'TARIFS 12 2025'!B14:J521,9,FALSE),"")
C17: pour 8 | D17: =+SUM(D4:D15) -> 1.904476 | G17: pour 7,15 | H17: =+SUM(H4:H15) -> 0.46229604 | K17: pour 1 | L17: =+SUM(L4:L15) -> 2.0589127 | O17: pour 1 | P17: =+SUM(P4:P15) -> 0.2157565
C18: pour 1 | D18: =+D17/8 -> 0.2380595 | G18: pour 1 | H18: =+H17 -> 0.46229604 | K18: pour 1 | L18: =+L17 -> 2.0589127 | O18: pour 1 | P18: =+P17 -> 0.2157565
D19: 2.05 | G19: Vendu TTC | H19: 2.8 | K19: Vendu TTC | L19: 17 | M19: 9445 | O19: Vendu TTC | P19: 2.8
C20: Vendu HT | D20: =D19/(1+5.5/100) -> 1.943128 | G20: Vendu HT | H20: =H19/(1+5.5/100) -> 2.6540284 | K20: Vendu HT | L20: =L19/(1+5.5/100) -> 16.113744 | O20: Vendu HT | P20: =P19/(1+5.5/100) -> 2.6540284
C21: Coef | D21: =+D20/D18 -> 8.1623626 | G21: Coef | H21: =+H20/H18 -> 5.7409716 | K21: Coef | L21: =L20/L18 -> 7.8263366 | O21: Coef | P21: =+P20/P18 -> 12.301036
G22: Marge | H22: =(H20-H18)*100/H20 -> 82.581346 | K22: Marge | L22: =(L20-L18)*100/L20 -> 87.22263 | O22: Marge | P22: =(P20-P18)*100/P20 -> 91.870603
A24: Tartelette Citron meringué | E24: Tartelette chocolat caramel | I24: Mangue passion | M24: Rocher coco
B25: Prix au kilo | C25: Quantité | F25: Prix au kilo | G25: Quantité | J25: Prix au kilo | K25: Quantité | N25: Prix au kilo | O25: Quantité
A26: Sablée Breton | B26: =IFERROR(VLOOKUP(A26,'TARIFS 12 2025'!B3:J525,9,FALSE),"") -> 2.429856 | C26: =0.045*60 -> 2.7 | D26: =+C26*B26 -> 6.5606113 | E26: Sablée Breton | F26: =IFERROR(VLOOKUP(E26,'TARIFS 12 2025'!B25:J492,9,FALSE),"") -> 2.429856 | G26: =0.035*60 -> 2.1 | H26: =+G26*F26 -> 5.1026976 | I26: Sablée Breton | J26: =IFERROR(VLOOKUP(I26,'TARIFS 12 2025'!B3:J491,9,FALSE),"") -> 2.429856 | K26: =0.045*65 -> 2.925 | L26: =+K26*J26 -> 7.1073289 | M26: Blanc Œuf Liquide 1kG | N26: =IFERROR(VLOOKUP(M26,'TARIFS 12 2025'!B3:J501,9,FALSE),"") -> 3.29 | O26: 0.8 | P26: =+O26*N26 -> 2.632
A27: Jaune Œuf Cocotine PEP 1kG | B27: =IFERROR(VLOOKUP(A27,'TARIFS 12 2025'!B4:J526,9,FALSE),"") -> 5.389 | C27: 1 | D27: =+C27*B27 -> 5.389 | E27: Crème UHT Bleue 35% | F27: =IFERROR(VLOOKUP(E27,'TARIFS 12 2025'!B26:J493,9,FALSE),"") -> 3.48 | G27: 1.05 | H27: =+G27*F27 -> 3.654 | I27: Jaune Œuf Cocotine PEP 1kG | J27: =IFERROR(VLOOKUP(I27,'TARIFS 12 2025'!B4:J492,9,FALSE),"") -> 5.389 | K27: 1 | L27: =+K27*J27 -> 5.389 | M27: Sucre Crist Semoule 25kG | N27: =IFERROR(VLOOKUP(M27,'TARIFS 12 2025'!B4:J502,9,FALSE),"") -> 0.86 | O27: 1 | P27: =+O27*N27 -> 0.86
A28: Œuf Frais | B28: =IFERROR(VLOOKUP(A28,'TARIFS 12 2025'!B5:J527,9,FALSE),"") -> 2.72 | C28: 0.33 | D28: =+C28*B28 -> 0.8976 | E28: Couv noir 67% 10kG | F28: =IFERROR(VLOOKUP(E28,'TARIFS 12 2025'!B27:J494,9,FALSE),"") -> 12.78 | G28: 1.5 | H28: =+G28*F28 -> 19.17 | I28: Œuf Frais | J28: =IFERROR(VLOOKUP(I28,'TARIFS 12 2025'!B5:J493,9,FALSE),"") -> 2.72 | K28: 0.33 | L28: =+K28*J28 -> 0.8976 | N28: =IFERROR(VLOOKUP(M28,'TARIFS 12 2025'!B5:J503,9,FALSE),"") | O28: 1.25 | P28: =+O28*N28 -> #VALUE!
A29: Citron presse 10 litres | B29: =IFERROR(VLOOKUP(A29,'TARIFS 12 2025'!B6:J528,9,FALSE),"") -> 2.66 | C29: 2 | D29: =+C29*B29 -> 5.32 | E29: Glucose sirop eau 15kG | F29: =IFERROR(VLOOKUP(E29,'TARIFS 12 2025'!B28:J495,9,FALSE),"") -> 1.464 | G29: 0.135 | H29: =+G29*F29 -> 0.19764 | I29: Citron presse 10 litres | J29: =IFERROR(VLOOKUP(I29,'TARIFS 12 2025'!B6:J494,9,FALSE),"") -> 2.66 | K29: 2 | L29: =+K29*J29 -> 5.32 | N29: =IFERROR(VLOOKUP(M29,'TARIFS 12 2025'!B6:J504,9,FALSE),"") | P29: =+O29*N29 -> #VALUE!
A30: Poudre Crème chaud 25kg | B30: =IFERROR(VLOOKUP(A30,'TARIFS 12 2025'!B7:J529,9,FALSE),"") -> 2.5 | C30: 0.2 | D30: =+C30*B30 -> 0.5 | E30: Beurre 82% Motte 25kG | F30: =IFERROR(VLOOKUP(E30,'TARIFS 12 2025'!B29:J496,9,FALSE),"") -> 4.8 | G30: 0.375 | H30: =+G30*F30 -> 1.8 | I30: Poudre Crème chaud 25kg | J30: =IFERROR(VLOOKUP(I30,'TARIFS 12 2025'!B7:J495,9,FALSE),"") -> 2.5 | K30: 0.2 | L30: =+K30*J30 -> 0.5 | N30: =IFERROR(VLOOKUP(M30,'TARIFS 12 2025'!B7:J505,9,FALSE),"") | P30: =+O30*N30 -> #VALUE!
A31: Beurre 82% Motte 25kG | B31: =IFERROR(VLOOKUP(A31,'TARIFS 12 2025'!B8:J530,9,FALSE),"") -> 4.8 | C31: 0.864 | D31: =+C31*B31 -> 4.1472 | E31: Sucre Crist Semoule 25kG | F31: =IFERROR(VLOOKUP(E31,'TARIFS 12 2025'!B8:J498,9,FALSE),"") -> 0.86 | G31: 0.6 | H31: =+G31*F31 -> 0.516 | I31: Beurre 82% Motte 25kG | J31: =IFERROR(VLOOKUP(I31,'TARIFS 12 2025'!B8:J496,9,FALSE),"") -> 4.8 | K31: 0.864 | L31: =+K31*J31 -> 4.1472 | N31: =IFERROR(VLOOKUP(M31,'TARIFS 12 2025'!B8:J506,9,FALSE),"") | P31: =+O31*N31 -> #VALUE!
A32: Sucre Crist Semoule 25kG | B32: =IFERROR(VLOOKUP(A32,'TARIFS 12 2025'!B9:J531,9,FALSE),"") -> 0.86 | C32: =1.332+0.5 -> 1.832 | D32: =+C32*B32 -> 1.57552 | F32: =IFERROR(VLOOKUP(E32,'TARIFS 12 2025'!B9:J499,9,FALSE),"") | I32: Sucre Crist Semoule 25kG | J32: =IFERROR(VLOOKUP(I32,'TARIFS 12 2025'!B9:J497,9,FALSE),"") -> 0.86 | K32: 0.1 | L32: =+K32*J32 -> 0.086 | N32: =IFERROR(VLOOKUP(M32,'TARIFS 12 2025'!B9:J507,9,FALSE),"") | P32: =+O32*N32 -> #VALUE!
A33: Blanc Œuf Liquide 1kG | B33: =IFERROR(VLOOKUP(A33,'TARIFS 12 2025'!B10:J532,9,FALSE),"") -> 3.29 | C33: 0.25 | D33: =+C33*B33 -> 0.8225 | F33: =IFERROR(VLOOKUP(E33,'TARIFS 12 2025'!B10:J500,9,FALSE),"") | I33: Purée Passion 10kg | J33: =IFERROR(VLOOKUP(I33,'TARIFS 12 2025'!B10:J498,9,FALSE),"") -> 9.17 | K33: 0.5 | L33: =+K33*J33 -> 4.585 | N33: =IFERROR(VLOOKUP(M33,'TARIFS 12 2025'!B10:J508,9,FALSE),"") | P33: =+O33*N33 -> #VALUE!
A34: Caissette Ronde 1201F70 | B34: =IFERROR(VLOOKUP(A34,'TARIFS 12 2025'!B33:J494,9,FALSE),"") -> 0.006878 | C34: 8 | D34: =+C34*B34 -> 0.055024 | F34: =IFERROR(VLOOKUP(E34,'TARIFS 12 2025'!B11:J501,9,FALSE),"") | I34: Caissette Ronde 1201F70 | J34: =IFERROR(VLOOKUP(I34,'TARIFS 12 2025'!B11:J499,9,FALSE),"") -> 0.006878 | K34: 8 | L34: =+K34*J34 -> 0.055024 | N34: =IFERROR(VLOOKUP(M34,'TARIFS 12 2025'!B11:J509,9,FALSE),"") | P34: =+O34*N34 -> #VALUE!
B35: =IFERROR(VLOOKUP(A35,'TARIFS 12 2025'!B12:J534,9,FALSE),"") | J35: =IFERROR(VLOOKUP(I35,'TARIFS 12 2025'!B12:J500,9,FALSE),"")
F36: =IFERROR(VLOOKUP(E36,'TARIFS 12 2025'!B13:J503,9,FALSE),"") | J36: =IFERROR(VLOOKUP(I36,'TARIFS 12 2025'!F13:N503,9,FALSE),"") | N36: =IFERROR(VLOOKUP(M36,'TARIFS 12 2025'!J13:R503,9,FALSE),"")
F37: =IFERROR(VLOOKUP(E37,'TARIFS 12 2025'!B14:J504,9,FALSE),"") | J37: =IFERROR(VLOOKUP(I37,'TARIFS 12 2025'!F14:N504,9,FALSE),"") | N37: =IFERROR(VLOOKUP(M37,'TARIFS 12 2025'!J14:R504,9,FALSE),"")
C39: Pour 60 | D39: =SUM(D26:D34) -> 25.267455 | G39: pour 60 | H39: =+SUM(H26:H37) -> 30.440338 | K39: pour 65 | L39: =+SUM(L26:L37) -> 28.087153 | O39: pour 112 | P39: =+SUM(P26:P37) -> #VALUE!
C40: pour 1 | D40: =+D39/60 -> 0.42112425 | G40: pour 1 | H40: =+H39/60 -> 0.50733896 | K40: pour 1 | L40: =+L39/65 -> 0.43211004 | O40: pour 1 | P40: =+P39/112 -> #VALUE!
C41: Vendu TTC | D41: 2.8 | G41: Vendu TTC | H41: 3.4 | K41: Vendu TTC | L41: 2.8 | O41: Vendu TTC | P41: 2.8
C42: Vendu HT | D42: =D41/(1+5.5/100) -> 2.6540284 | G42: Vendu HT | H42: =H41/(1+5.5/100) -> 3.2227488 | K42: Vendu HT | L42: =L41/(1+5.5/100) -> 2.6540284 | O42: Vendu HT | P42: =P41/(1+5.5/100) -> 2.6540284
C43: Coef | D43: =+D42/D40 -> 6.3022455 | G43: Coef | H43: =H42/H40 -> 6.3522597 | K43: Coef | L43: =+L42/L40 -> 6.1420198 | O43: Coef | P43: =+P42/P40 -> #VALUE!
C44: Marge | D44: =(D42-D40)*100/D42 -> 84.13264 | G44: Marge | H44: =(H42-H40)*100/H42 -> 84.25757 | K44: Marge | L44: =(L42-L40)*100/L42 -> 83.718711 | O44: Marge | P44: =(P42-P40)*100/P42 -> #VALUE!
A45: Fruit rouge vanille | E45: Eclair chocolat | I45: Snickers | M45: Paris-brest
B46: Prix au kilo | C46: Quantité | F46: Prix au kilo | G46: Quantité | J46: Prix au kilo | K46: Quantité | N46: Prix au kilo | O46: Quantité
A47: Jaune Œuf Cocotine PEP 1kG | B47: =IFERROR(VLOOKUP(A47,'TARIFS 12 2025'!B24:J546,9,FALSE),"") -> 5.389 | C47: =0.48+0.54 -> 1.02 | D47: =+C47*B47 -> 5.49678 | E47: Eau | F47: =IFERROR(VLOOKUP(E47,'TARIFS 12 2025'!B46:J513,9,FALSE),"") -> 0.004 | G47: 6 | H47: =+G47*F47 -> 0.024 | I47: Paillette Feuilletine 2,5kg | J47: 7.6 | K47: 0.24 | L47: =+K47*J47 -> 1.824 | M47: Eau | N47: =IFERROR(VLOOKUP(M47,'TARIFS 12 2025'!F24:N512,9,FALSE),"") | O47: 6
A48: Sucre Crist Semoule 25kG | B48: =IFERROR(VLOOKUP(A48,'TARIFS 12 2025'!B25:J547,9,FALSE),"") -> 0.86 | C48: =0.6+0.1 -> 0.7 | D48: =+C48*B48 -> 0.602 | E48: Beurre 82% Motte 25kG | F48: 3.48 | G48: 3 | H48: =+G48*F48 -> 10.44 | I48: Cacahuète grilléees non salé 1kg | J48: 4.45 | K48: 0.86 | L48: =+K48*J48 -> 3.827 | M48: Beurre 82% Motte 25kG | N48: =IFERROR(VLOOKUP(M48,'TARIFS 12 2025'!B25:J523,9,FALSE),"") -> 4.8 | O48: 3 | P48: =+O48*N48 -> 14.4
A49: Blanc Œuf Liquide 1kG | B49: =IFERROR(VLOOKUP(A49,'TARIFS 12 2025'!B26:J548,9,FALSE),"") -> 3.29 | C49: 0.72 | D49: =+C49*B49 -> 2.3688 | E49: Sel fin 25kG | F49: 14.56 | G49: 0.06 | H49: =+G49*F49 -> 0.8736 | I49: Sucre Crist Semoule 25kG | J49: =IFERROR(VLOOKUP(I49,'TARIFS 12 2025'!B26:J514,9,FALSE),"") -> 0.86 | K49: =0.17+0.15+0.42 -> 0.74 | L49: =+K49*J49 -> 0.6364 | M49: Sel fin 25kG | N49: =IFERROR(VLOOKUP(M49,'TARIFS 12 2025'!B26:J524,9,FALSE),"") -> 0.27 | O49: 0.06 | P49: =+O49*N49 -> 0.0162
A50: Farine du Marché | B50: =IFERROR(VLOOKUP(A50,'TARIFS 12 2025'!B27:J549,9,FALSE),"") -> 0.675 | C50: 0.6 | D50: =+C50*B50 -> 0.405 | E50: Sucre Crist Semoule 25kG | F50: 1.6 | G50: 0.06 | H50: =+G50*F50 -> 0.096 | I50: Blanc Œuf Liquide 1kG | J50: =IFERROR(VLOOKUP(I50,'TARIFS 12 2025'!B27:J515,9,FALSE),"") -> 3.29 | K50: 1 | L50: =+K50*J50 -> 3.29 | M50: Sucre Crist Semoule 25kG | N50: =IFERROR(VLOOKUP(M50,'TARIFS 12 2025'!B27:J525,9,FALSE),"") -> 0.86 | O50: 0.06 | P50: =+O50*N50 -> 0.0516
A51: Arome Vanille Boulpat 1L SEBALSE | B51: 8.79 | C51: 0.112 | D51: =+C51*B51 -> 0.98448 | E51: Farine Emilie TF T65 | F51: 8.45 | G51: 3.6 | H51: =+G51*F51 -> 30.42 | I51: Farine du Marché | J51: =IFERROR(VLOOKUP(I51,'TARIFS 12 2025'!B28:J516,9,FALSE),"") -> 0.675 | K51: 0.3 | L51: =+K51*J51 -> 0.2025 | M51: Farine Emilie TF T65 | N51: =IFERROR(VLOOKUP(M51,'TARIFS 12 2025'!B28:J526,9,FALSE),"") -> 0.705 | O51: 3.6 | P51: =+O51*N51 -> 2.538
A52: Purée fruits rouges | B52: =IFERROR(VLOOKUP(A52,'TARIFS 12 2025'!B29:J551,9,FALSE),"") -> 8.71 | C52: 2 | D52: =+C52*B52 -> 17.42 | E52: Œuf Frais | F52: =IFERROR(VLOOKUP(E52,'TARIFS 12 2025'!B29:J519,9,FALSE),"") -> 2.72 | G52: 4.125 | H52: =+G52*F52 -> 11.22 | I52: Lait 1/2 Ecrémé 1L | J52: =IFERROR(VLOOKUP(I52,'TARIFS 12 2025'!B29:J517,9,FALSE),"") -> 0.79 | K52: 0.38 | L52: =+K52*J52 -> 0.3002 | M52: Œuf Frais | N52: =IFERROR(VLOOKUP(M52,'TARIFS 12 2025'!B29:J527,9,FALSE),"") -> 2.72 | O52: 4.125 | P52: =+O52*N52 -> 11.22
A53: Pectine NH Nappage 1kG | B53: =IFERROR(VLOOKUP(A53,'TARIFS 12 2025'!B30:J552,9,FALSE),"") -> 43.9 | C53: 0.03 | D53: =+C53*B53 -> 1.317 | E53: Crème Patissière | F53: =IFERROR(VLOOKUP(E53,'TARIFS 12 2025'!B30:J520,9,FALSE),"") -> 0.9775 | G53: =26*90/100 -> 23.4 | H53: =+G53*F53 -> 22.8735 | I53: Jaune Œuf Cocotine PEP 1kG | J53: =IFERROR(VLOOKUP(I53,'TARIFS 12 2025'!B30:J518,9,FALSE),"") -> 5.389 | K53: 0.17 | L53: =+K53*J53 -> 0.91613 | M53: Beurre 82% Motte 25kG | N53: =IFERROR(VLOOKUP(M53,'TARIFS 12 2025'!B30:J528,9,FALSE),"") -> 4.8 | O53: 4.33 | P53: =+O53*N53 -> 20.784
A54: Cocktail 6 Fruits Rouges | B54: =IFERROR(VLOOKUP(A54,'TARIFS 12 2025'!B31:J553,9,FALSE),"") -> 3.8 | C54: 1 | D54: =+C54*B54 -> 3.8 | E54: Agent Démoulage Aerosol 500mL | F54: 2.75 | G54: 0.5 | H54: =+G54*F54 -> 1.375 | I54: Glucose sirop eau 15kG | J54: =IFERROR(VLOOKUP(I54,'TARIFS 12 2025'!B31:J519,9,FALSE),"") -> 1.464 | K54: 0.08 | L54: =+K54*J54 -> 0.11712 | M54: Praline Amandes / Noisettes 5kg | N54: =IFERROR(VLOOKUP(M54,'TARIFS 12 2025'!B31:J529,9,FALSE),"") -> 6.25 | O54: 6.5 | P54: =+O54*N54 -> 40.625
A55: Lait 1/2 Ecrémé 1L | B55: =IFERROR(VLOOKUP(A55,'TARIFS 12 2025'!B54:J515,9,FALSE),"") -> 0.79 | C55: 2.5 | D55: =+C55*B55 -> 1.975 | E55: Fondant Blanc 15kG | F55: =IFERROR(VLOOKUP(E55,'TARIFS 12 2025'!B32:J522,9,FALSE),"") -> 1.83 | G55: =0.02*400 -> 8 | H55: =+G55*F55 -> 14.64 | I55: Crème fraîche Epaisse 15% 5kg | J55: =IFERROR(VLOOKUP(I55,'TARIFS 12 2025'!B32:J520,9,FALSE),"") -> 3.02 | K55: 0.85 | L55: =+K55*J55 -> 2.567 | M55: Crème Patissière | N55: =IFERROR(VLOOKUP(M55,'TARIFS 12 2025'!B32:J530,9,FALSE),"") -> 0.9775 | O55: 13 | P55: =+O55*N55 -> 12.7075
A56: Gélatine Poudre Bovine 200 Briancon 1 kG | B56: =IFERROR(VLOOKUP(A56,'TARIFS 12 2025'!B33:J555,9,FALSE),"") -> 20.56 | C56: 1 | D56: =+C56*B56 -> 20.56 | E56: K d'arôme | F56: =IFERROR(VLOOKUP(E56,'TARIFS 12 2025'!B33:J523,9,FALSE),"") -> 7.9 | G56: 2.6 | H56: =+G56*F56 -> 20.54 | I56: Gélatine Poudre Bovine 200 Briancon 1 kG | J56: =IFERROR(VLOOKUP(I56,'TARIFS 12 2025'!B33:J521,9,FALSE),"") -> 20.56 | K56: 0.014 | L56: =+K56*J56 -> 0.28784 | M56: Amandes effilée 5kG | N56: 5.15 | O56: 4 | P56: =+O56*N56 -> 20.6
A57: Crème fraîche UHT Campina 35% 1L | B57: 3.95 | C57: 2.2 | D57: =+C57*B57 -> 8.69 | I57: Couv Lait 41% 10kG | J57: =IFERROR(VLOOKUP(I57,'TARIFS 12 2025'!B34:J522,9,FALSE),"") -> 10.85 | K57: 1.02 | L57: =+K57*J57 -> 11.067
I58: Crème fraîche UHT Campina 35% 1L | J58: =IFERROR(VLOOKUP(I58,'TARIFS 12 2025'!B35:J523,9,FALSE),"") -> 3.92 | K58: 1.6 | L58: =+K58*J58 -> 6.272
I59: Beurre 82% Motte 10kG | J59: 5.9 | K59: 0.26 | L59: =+K59*J59 -> 1.534
C60: Pour 108 | D60: =SUM(D47:D57) -> 63.61906 | G60: Pour 400 | H60: =SUM(H47:H56) -> 112.5021 | K60: Pour 54 | L60: =SUM(L47:L59) -> 32.84119 | O60: Pour 400 | P60: =+SUM(P47:P58) -> 122.9423
C61: pour 1 | D61: =+D60/108 -> 0.58906537 | G61: pour 1 | H61: =+H60/400 -> 0.28125525 | K61: pour 1 | L61: =L60/54 -> 0.60817019 | O61: pour 1 | P61: =+P60/400 -> 0.30735575
C62: Vendu TTC | D62: 3.4 | G62: Vendu TTC | H62: 2.6 | K62: Vendu TTC | L62: 3.8 | O62: Vendu TTC | P62: 2.9
C63: Vendu HT | D63: =D62/(1+5.5/100) -> 3.2227488 | G63: Vendu HT | H63: =H62/(1+5.5/100) -> 2.464455 | K63: Vendu HT | L63: 3.8 | O63: Vendu HT | P63: =P62/(1+5.5/100) -> 2.7488152
C64: Coef | D64: =+D63/D61 -> 5.4709528 | G64: Coef | H64: =+H63/H61 -> 8.762343 | K64: Coef | L64: =+L63/L61 -> 6.2482511 | O64: Coef | P64: =+P63/P61 -> 8.9434317
C65: Marge | D65: =(D63-D61)*100/D63 -> 81.721648 | G65: Marge | H65: =(H63-H61)*100/H63 -> 88.587527 | K65: Marge | L65: =(L63-L61)*100/L63 -> 83.995521 | O65: Marge | P65: =(P63-P61)*100/P63 -> 88.81861

Sheet TRAITEUR - PAP PARIS
A1: Coeff souhaité | B1: 4
A2: JAMBON BEURRE EMMENTAL | E2: COMPLET POULET | I2: COMPLET THON | M2: COMPLET JAMBON
B3: Prix au kilo | C3: Quantité | F3: Prix au kilo | G3: Quantité | J3: Prix au kilo | K3: Quantité | N3: Prix au kilo | O3: Quantité
A4: Pâte Tradition | B4: =IFERROR(VLOOKUP(A4,'TARIFS 12 2025'!B3:J487,9,FALSE),"") -> 0.11275431 | C4: 0.2 | D4: =+C4*B4 -> 0.022550862 | E4: Pâte Tradition | F4: =IFERROR(VLOOKUP(E4,'TARIFS 12 2025'!B3:J466,9,FALSE),"") -> 0.11275431 | G4: 0.2 | H4: =+G4*F4 -> 0.022550862 | I4: Pâte Tradition | J4: =IFERROR(VLOOKUP(I4,'TARIFS 12 2025'!B3:J502,9,FALSE),"") -> 0.11275431 | K4: 0.2 | L4: =+K4*J4 -> 0.022550862 | M4: Pâte Tradition | N4: =IFERROR(VLOOKUP(M4,'TARIFS 12 2025'!B3:J510,9,FALSE),"") -> 0.11275431 | O4: 0.25 | P4: =+O4*N4 -> 0.028188578
A5: Tartimalin Demi-sel 1kg | B5: =IFERROR(VLOOKUP(A5,'TARIFS 12 2025'!B4:J461,9,FALSE),"") | C5: 0.02 | D5: =+C5*B5 -> #VALUE! | E5: Mayonnaise 5L | F5: =IFERROR(VLOOKUP(E5,'TARIFS 12 2025'!B4:J469,9,FALSE),"")/5 -> 2.16 | G5: 0.07 | H5: =+G5*F5 -> 0.1512 | I5: Thon morceaux 650gr | J5: =IFERROR(VLOOKUP(I5,'TARIFS 12 2025'!B4:J503,9,FALSE),"") -> 3.88 | K5: 0.09 | L5: =+K5*J5 -> 0.3492 | M5: Mayonnaise 5L | N5: =IFERROR(VLOOKUP(M5,'TARIFS 12 2025'!B4:J511,9,FALSE),"")/5 -> 2.16 | O5: 0.07 | P5: =+O5*N5 -> 0.1512
A6: Jambon Blanc Tranche | B6: =IFERROR(VLOOKUP(A6,'TARIFS 12 2025'!B5:J462,9,FALSE),"")/20 -> 0.3495 | C6: 0.75 | D6: =+C6*B6 -> 0.262125 | E6: Salade batavia sachet | F6: =IFERROR(VLOOKUP(E6,'TARIFS 12 2025'!B5:J470,9,FALSE),"") -> 4.95 | G6: 0.01 | H6: =+G6*F6 -> 0.0495 | I6: Salade batavia sachet | J6: =IFERROR(VLOOKUP(I6,'TARIFS 12 2025'!B5:J504,9,FALSE),"") -> 4.95 | K6: 0.01 | L6: =+K6*J6 -> 0.0495 | M6: Salade batavia sachet | N6: =IFERROR(VLOOKUP(M6,'TARIFS 12 2025'!B5:J512,9,FALSE),"") -> 4.95 | O6: 0.001 | P6: =+O6*N6 -> 0.00495
A7: Emmental Tranchette 40 tranches kG | B7: =IFERROR(VLOOKUP(A7,'TARIFS 12 2025'!B6:J463,9,FALSE),"")/40 -> 0.00475 | C7: 1.5 | D7: =+C7*B7 -> 0.007125 | E7: Tomates rondes | F7: =IFERROR(VLOOKUP(E7,'TARIFS 12 2025'!B6:J471,9,FALSE),"") -> 2.25 | G7: 0.03 | H7: =+G7*F7 -> 0.0675 | I7: Tomates rondes | J7: =IFERROR(VLOOKUP(I7,'TARIFS 12 2025'!B6:J505,9,FALSE),"") -> 2.25 | K7: 0.03 | L7: =+K7*J7 -> 0.0675 | M7: Tomates rondes | N7: =IFERROR(VLOOKUP(M7,'TARIFS 12 2025'!B6:J513,9,FALSE),"") -> 2.25 | O7: 0.03 | P7: =+O7*N7 -> 0.0675
B8: =IFERROR(VLOOKUP(A8,'TARIFS 12 2025'!B7:J463,9,FALSE),"") | E8: Emincés poulet cuit Halal 2,5kg | F8: =IFERROR(VLOOKUP(E8,'TARIFS 12 2025'!B7:J472,9,FALSE),"") -> 7.4 | G8: 0.05 | H8: =+G8*F8 -> 0.37 | J8: =IFERROR(VLOOKUP(I8,'TARIFS 12 2025'!B7:J506,9,FALSE),"") | M8: Jambon Blanc Tranche | N8: =IFERROR(VLOOKUP(M8,'TARIFS 12 2025'!B7:J514,9,FALSE),"")/20 -> 0.3495 | O8: 1.5 | P8: =+O8*N8 -> 0.52425
B9: =IFERROR(VLOOKUP(A9,'TARIFS 12 2025'!B8:J464,9,FALSE),"") | F9: =IFERROR(VLOOKUP(E9,'TARIFS 12 2025'!B8:J473,9,FALSE),"") | J9: =IFERROR(VLOOKUP(I9,'TARIFS 12 2025'!B8:J507,9,FALSE),"") | N9: =IFERROR(VLOOKUP(M9,'TARIFS 12 2025'!B8:J515,9,FALSE),"")
B10: =IFERROR(VLOOKUP(A10,'TARIFS 12 2025'!B9:J465,9,FALSE),"") | F10: =IFERROR(VLOOKUP(E10,'TARIFS 12 2025'!B9:J474,9,FALSE),"") | J10: =IFERROR(VLOOKUP(I10,'TARIFS 12 2025'!B9:J508,9,FALSE),"") | N10: =IFERROR(VLOOKUP(M10,'TARIFS 12 2025'!B9:J516,9,FALSE),"")
B11: =IFERROR(VLOOKUP(A11,'TARIFS 12 2025'!B10:J466,9,FALSE),"") | J11: =IFERROR(VLOOKUP(I11,'TARIFS 12 2025'!B10:J509,9,FALSE),"") | N11: =IFERROR(VLOOKUP(M11,'TARIFS 12 2025'!B10:J517,9,FALSE),"")
B12: =IFERROR(VLOOKUP(A12,'TARIFS 12 2025'!B11:J469,9,FALSE),"") | J12: =IFERROR(VLOOKUP(I12,'TARIFS 12 2025'!B11:J510,9,FALSE),"") | N12: =IFERROR(VLOOKUP(M12,'TARIFS 12 2025'!B11:J518,9,FALSE),"")
B13: =IFERROR(VLOOKUP(A13,'TARIFS 12 2025'!B12:J470,9,FALSE),"") | J13: =IFERROR(VLOOKUP(I13,'TARIFS 12 2025'!B12:J511,9,FALSE),"") | N13: =IFERROR(VLOOKUP(M13,'TARIFS 12 2025'!B12:J519,9,FALSE),"")
B14: =IFERROR(VLOOKUP(A14,'TARIFS 12 2025'!B13:J471,9,FALSE),"") | J14: =IFERROR(VLOOKUP(I14,'TARIFS 12 2025'!B13:J512,9,FALSE),"") | N14: =IFERROR(VLOOKUP(M14,'TARIFS 12 2025'!B13:J520,9,FALSE),"")
J15: =IFERROR(VLOOKUP(I15,'TARIFS 12 2025'!B14:J513,9,FALSE),"") | N15: =IFERROR(VLOOKUP(M15,'TARIFS 12 2025'!B14:J521,9,FALSE),"")
C17: pour 1 | D17: =+SUM(D4:D15) -> #VALUE! | G17: pour 1 | H17: =+SUM(H4:H15) -> 0.66075086 | K17: pour 1 | L17: =+SUM(L4:L15) -> 0.48875086 | O17: pour 1 | P17: =+SUM(P4:P15) -> 0.77608858
C18: pour 1 | D18: =+D17 -> #VALUE! | G18: pour 1 | H18: =+H17 -> 0.66075086 | K18: pour 1 | L18: =+L17 -> 0.48875086 | O18: pour 1 | P18: =+P17 -> 0.77608858
C20: Vendu HT | D20: 4.25 | G20: Vendu HT | H20: 4.25 | K20: Vendu HT | L20: 4.25 | O20: Vendu HT | P20: 4.25
C21: Coef | D21: =+D20/D18 -> #VALUE! | G21: Coef | H21: =+H20/H18 -> 6.4320764 | K21: Coef | L21: =+L20/L18 -> 8.6956368 | O21: Coef | P21: =+P20/P18 -> 5.476179
C22: Marge | D22: =(D20-D18)/D20 -> #VALUE! | G22: Marge | H22: =(H20-H18)/H20 -> 0.84452921 | K22: Marge | L22: =(L20-L18)/L20 -> 0.8849998 | O22: Marge 74,32092787
A24: WRAP POULET | E24: WRAP VEGE | I24: Wrap Thon | M24: Salade Poulet Pané
B25: Prix au kilo | C25: Quantité | F25: Prix au kilo | G25: Quantité | J25: Prix au kilo | K25: Quantité | N25: Prix au kilo | O25: Quantité
A26: Pots ronds wrap kraft | B26: =IFERROR(VLOOKUP(A26,'TARIFS 12 2025'!B3:J525,9,FALSE),"")/50 -> 0.0698 | C26: 1 | D26: =+C26*B26 -> 0.0698 | E26: Pots ronds wrap kraft | F26: 0.1 | G26: 1 | H26: =+G26*F26 -> 0.1 | I26: Pots ronds wrap kraft | J26: 0.1 | K26: 1 | L26: =+K26*J26 -> 0.1 | M26: Pots rond Salade Kraft | N26: =IFERROR(VLOOKUP(M26,'TARIFS 12 2025'!B3:J501,9,FALSE),"") -> 5.823 | O26: 0.02 | P26: =+O26*N26 -> 0.11646
A27: Tortillas Wraps 30cm | B27: =IFERROR(VLOOKUP(A27,'TARIFS 12 2025'!B4:J526,9,FALSE),"")/18 -> 0.21277778 | C27: 1 | D27: =+C27*B27 -> 0.21277778 | E27: Tortillas Wraps 30cm | F27: 0.3 | G27: 1 | H27: =+G27*F27 -> 0.3 | I27: Tortillas Wraps 30cm | J27: 0.3 | K27: 1 | L27: =+K27*J27 -> 0.3 | M27: Couvercle Salade | N27: =IFERROR(VLOOKUP(M27,'TARIFS 12 2025'!B4:J502,9,FALSE),"") -> 3.27 | O27: 0.02 | P27: =+O27*N27 -> 0.0654
A28: Sauce Barbecue Lesieur 970mL | B28: =IFERROR(VLOOKUP(A28,'TARIFS 12 2025'!B5:J527,9,FALSE),"")/18 -> 0.14944444 | C28: 0.03 | D28: =+C28*B28 -> 0.0044833333 | E28: Tartimalin Fromage à la crème 1L | F28: =IFERROR(VLOOKUP(E28,'TARIFS 12 2025'!B5:J495,9,FALSE),"") -> 7.35 | G28: 0.04 | H28: =+G28*F28 -> 0.294 | I28: Thon morceaux 650gr | J28: =IFERROR(VLOOKUP(I28,'TARIFS 12 2025'!B5:J493,9,FALSE),"") -> 3.88 | K28: 0.09 | L28: =+K28*J28 -> 0.3492 | M28: Aiguillettes P.Pané CORNFLAKES 1kG | N28: =IFERROR(VLOOKUP(M28,'TARIFS 12 2025'!B5:J503,9,FALSE),"") -> 7.3 | O28: 0.12 | P28: =+O28*N28 -> 0.876
A29: Salade batavia sachet | B29: =IFERROR(VLOOKUP(A29,'TARIFS 12 2025'!B6:J528,9,FALSE),"") -> 4.95 | C29: 0.03 | D29: =+C29*B29 -> 0.1485 | E29: Salade batavia sachet | F29: =IFERROR(VLOOKUP(E29,'TARIFS 12 2025'!B6:J496,9,FALSE),"") -> 4.95 | G29: 0.025 | H29: =+G29*F29 -> 0.12375 | I29: Concombre vendéen | J29: =IFERROR(VLOOKUP(I29,'TARIFS 12 2025'!B6:J494,9,FALSE),"") -> 1.4 | K29: 0.1 | L29: =+K29*J29 -> 0.14 | M29: Salade batavia sachet | N29: =IFERROR(VLOOKUP(M29,'TARIFS 12 2025'!B6:J504,9,FALSE),"") -> 4.95 | O29: 0.03 | P29: =+O29*N29 -> 0.1485
A30: Emincés poulet cuit Halal 2,5kg | B30: =IFERROR(VLOOKUP(A30,'TARIFS 12 2025'!B7:J529,9,FALSE),"") -> 7.4 | C30: 0.07 | D30: =+C30*B30 -> 0.518 | E30: Courgette 4/4 | F30: =IFERROR(VLOOKUP(E30,'TARIFS 12 2025'!B7:J497,9,FALSE),"") -> 8.24 | G30: 0.03 | H30: =+G30*F30 -> 0.2472 | I30: Tartimalin Fromage à la crème 1L | J30: =IFERROR(VLOOKUP(I30,'TARIFS 12 2025'!B7:J495,9,FALSE),"") -> 7.35 | K30: 0.02 | L30: =+K30*J30 -> 0.147 | M30: Oignon rouge | N30: =IFERROR(VLOOKUP(M30,'TARIFS 12 2025'!B7:J505,9,FALSE),"") -> 1.35 | O30: 0.01 | P30: =+O30*N30 -> 0.0135
A31: Bacon tranche 1kG | B31: =IFERROR(VLOOKUP(A31,'TARIFS 12 2025'!B8:J530,9,FALSE),"") -> 10.6 | C31: 0.01 | D31: =+C31*B31 -> 0.106 | E31: Poivron lanières tricolores 5/1 | F31: =IFERROR(VLOOKUP(E31,'TARIFS 12 2025'!B8:J498,9,FALSE),"") -> 2.3 | G31: 0.02 | H31: =+G31*F31 -> 0.046 | I31: Salade batavia sachet | J31: =IFERROR(VLOOKUP(I31,'TARIFS 12 2025'!B8:J496,9,FALSE),"") -> 4.95 | K31: 0.03 | L31: =+K31*J31 -> 0.1485 | M31: Tomate cerise barquette | N31: =IFERROR(VLOOKUP(M31,'TARIFS 12 2025'!B8:J506,9,FALSE),"") -> 2.25 | O31: 0.1 | P31: =+O31*N31 -> 0.225
A32: Cheddar (84 tranches) | B32: =IFERROR(VLOOKUP(A32,'TARIFS 12 2025'!B9:J531,9,FALSE),"") -> 8.96 | C32: 0.012 | D32: =+C32*B32 -> 0.10752 | E32: Tomates rondes | F32: =IFERROR(VLOOKUP(E32,'TARIFS 12 2025'!B9:J499,9,FALSE),"") -> 2.25 | G32: 0.04 | H32: =+G32*F32 -> 0.09 | I32: Crème fraîche Epaisse 15% 5kg | J32: =IFERROR(VLOOKUP(I32,'TARIFS 12 2025'!B9:J497,9,FALSE),"") -> 3.02 | K32: 0.045 | L32: =+K32*J32 -> 0.1359
A33: Oignon frit 2,5kg | B33: =IFERROR(VLOOKUP(A33,'TARIFS 12 2025'!B10:J532,9,FALSE),"") -> 5.42 | C33: 0.01 | D33: =+C33*B33 -> 0.0542 | F33: =IFERROR(VLOOKUP(E33,'TARIFS 12 2025'!B10:J500,9,FALSE),"") | J33: =IFERROR(VLOOKUP(I33,'TARIFS 12 2025'!B10:J498,9,FALSE),"") | N33: =IFERROR(VLOOKUP(M33,'TARIFS 12 2025'!B10:J508,9,FALSE),"")
A34: Tomates rondes | B34: =IFERROR(VLOOKUP(A34,'TARIFS 12 2025'!B11:J533,9,FALSE),"") -> 2.25 | C34: 0.03 | D34: =+C34*B34 -> 0.0675 | F34: =IFERROR(VLOOKUP(E34,'TARIFS 12 2025'!B11:J501,9,FALSE),"") | J34: =IFERROR(VLOOKUP(I34,'TARIFS 12 2025'!B11:J499,9,FALSE),"") | N34: =IFERROR(VLOOKUP(M34,'TARIFS 12 2025'!B11:J509,9,FALSE),"")
B35: =IFERROR(VLOOKUP(A35,'TARIFS 12 2025'!B12:J534,9,FALSE),"") | J35: =IFERROR(VLOOKUP(I35,'TARIFS 12 2025'!B12:J500,9,FALSE),"")
B36: =IFERROR(VLOOKUP(A36,'TARIFS 12 2025'!B13:J535,9,FALSE),"") | F36: =IFERROR(VLOOKUP(E36,'TARIFS 12 2025'!B13:J503,9,FALSE),"") | J36: =IFERROR(VLOOKUP(I36,'TARIFS 12 2025'!F13:N503,9,FALSE),"") | N36: =IFERROR(VLOOKUP(M36,'TARIFS 12 2025'!J13:R503,9,FALSE),"")
F37: =IFERROR(VLOOKUP(E37,'TARIFS 12 2025'!B14:J504,9,FALSE),"") | J37: =IFERROR(VLOOKUP(I37,'TARIFS 12 2025'!F14:N504,9,FALSE),"") | N37: =IFERROR(VLOOKUP(M37,'TARIFS 12 2025'!J14:R504,9,FALSE),"")
C39: pour 1 | D39: =+SUM(D26:D37) -> 1.2887811 | G39: pour 1 | H39: =+SUM(H26:H37) -> 1.20095 | K39: pour 1 | L39: =+SUM(L26:L37) -> 1.3206 | O39: pour 1 | P39: =+SUM(P26:P37) -> 1.44486
C40: pour 1 | D40: =+D39 -> 1.2887811 | G40: pour 1 | H40: =+H39 -> 1.20095 | K40: pour 1 | L40: =+L39 -> 1.3206 | O40: pour 1 | P40: =+P39 -> 1.44486
A41: Actuel | B41: 5.5 | E41: Actuel | F41: 5.3 | I41: Actuel | J41: 5.5 | N41: 6.2
A42: Tarif TTC | B42: 5.9 | C42: Vendu HT | D42: =+B42*0.945 -> 5.5755 | E42: Tarif TTC | F42: 5.75 | G42: Vendu HT | H42: =+F42*0.945 -> 5.43375 | I42: Tarif TTC | J42: 5.9 | K42: Vendu HT | L42: =+J42*0.945 -> 5.5755 | M42: Tarif TTC | N42: 6.9 | O42: Vendu HT | P42: =+N42*0.945 -> 6.5205
C43: Coef | D43: =+D42/D40 -> 4.3261807 | G43: Coef | H43: =+H42/H40 -> 4.5245431 | K43: Coef | L43: =+L42/L40 -> 4.2219446 | O43: Coef | P43: =+P42/P40 -> 4.512894
C44: Marge | D44: =(D42-D40)/D42 -> 0.76884923 | G44: Marge | H44: =(H42-H40)/H42 -> 0.77898321 | K44: Marge | L44: =(L42-L40)/L42 -> 0.76314232 | O44: Marge | P44: =(P42-P40)/P42 -> 0.7784127
A45: Salade végé | E45: Salade Lardon | I45: Salade Melon | M45: Salade Pate thon
B46: Prix au kilo | C46: Quantité | F46: Prix au kilo | G46: Quantité | J46: Prix au kilo | K46: Quantité | N46: Prix au kilo | O46: Quantité
A47: Pots rond Salade Kraft | B47: =IFERROR(VLOOKUP(A47,'TARIFS 12 2025'!B24:J546,9,FALSE),"") -> 5.823 | C47: 0.02 | D47: =+C47*B47 -> 0.11646 | E47: Pots rond Salade Kraft | F47: =IFERROR(VLOOKUP(E47,'TARIFS 12 2025'!B24:J514,9,FALSE),"") -> 5.823 | G47: 0.02 | H47: =+G47*F47 -> 0.11646 | I47: Pots rond Salade Kraft | J47: =IFERROR(VLOOKUP(I47,'TARIFS 12 2025'!B24:J512,9,FALSE),"") -> 5.823 | K47: 0.02 | L47: =+K47*J47 -> 0.11646 | M47: Pots rond Salade Kraft | N47: =IFERROR(VLOOKUP(M47,'TARIFS 12 2025'!B24:J522,9,FALSE),"") -> 5.823 | O47: 0.02 | P47: =+O47*N47 -> 0.11646
A48: Couvercle Salade | B48: =IFERROR(VLOOKUP(A48,'TARIFS 12 2025'!B25:J547,9,FALSE),"") -> 3.27 | C48: 0.02 | D48: =+C48*B48 -> 0.0654 | E48: Couvercle Salade | F48: =IFERROR(VLOOKUP(E48,'TARIFS 12 2025'!B25:J515,9,FALSE),"") -> 3.27 | G48: 0.02 | H48: =+G48*F48 -> 0.0654 | I48: Couvercle Salade | J48: =IFERROR(VLOOKUP(I48,'TARIFS 12 2025'!B25:J513,9,FALSE),"") -> 3.27 | K48: 0.02 | L48: =+K48*J48 -> 0.0654 | M48: Couvercle Salade | N48: =IFERROR(VLOOKUP(M48,'TARIFS 12 2025'!B25:J523,9,FALSE),"") -> 3.27 | O48: 0.02 | P48: =+O48*N48 -> 0.0654
A49: Riz long 5kG | B49: =IFERROR(VLOOKUP(A49,'TARIFS 12 2025'!B26:J548,9,FALSE),"")/5 -> 0.292 | C49: 0.09 | D49: =+C49*B49 -> 0.02628 | E49: Salade batavia sachet | F49: =IFERROR(VLOOKUP(E49,'TARIFS 12 2025'!B26:J516,9,FALSE),"") -> 4.95 | G49: 0.07 | H49: =+G49*F49 -> 0.3465 | I49: Jambon Cru de Pays | J49: =IFERROR(VLOOKUP(I49,'TARIFS 12 2025'!B26:J514,9,FALSE),"") -> 4.95 | K49: 0.025 | L49: =+K49*J49 -> 0.12375 | M49: Pennes rigate 5kg | N49: =IFERROR(VLOOKUP(M49,'TARIFS 12 2025'!B26:J524,9,FALSE),"")/5 -> 0.34 | O49: 0.1 | P49: =+O49*N49 -> 0.034
A50: Carotte sac | B50: =IFERROR(VLOOKUP(A50,'TARIFS 12 2025'!B27:J549,9,FALSE),"") -> 1.2 | C50: 0.05 | D50: =+C50*B50 -> 0.06 | E50: Lardon 1kG | F50: =IFERROR(VLOOKUP(E50,'TARIFS 12 2025'!B27:J517,9,FALSE),"") -> 6 | G50: 0.05 | H50: =+G50*F50 -> 0.3 | I50: Salade batavia sachet | J50: =IFERROR(VLOOKUP(I50,'TARIFS 12 2025'!B27:J515,9,FALSE),"") -> 4.95 | K50: 0.04 | L50: =+K50*J50 -> 0.198 | M50: Tomate cerise barquette | N50: =IFERROR(VLOOKUP(M50,'TARIFS 12 2025'!B27:J525,9,FALSE),"")*4 -> 9 | O50: 0.025 | P50: =+O50*N50 -> 0.225
A51: Chou rouge | B51: =IFERROR(VLOOKUP(A51,'TARIFS 12 2025'!B28:J550,9,FALSE),"") -> 1.5 | C51: 0.2 | D51: =+C51*B51 -> 0.3 | E51: Cerneaux invalides arlequins 10kg | F51: =IFERROR(VLOOKUP(E51,'TARIFS 12 2025'!B28:J518,9,FALSE),"")/10 -> 0.509 | G51: 0.02 | H51: =+G51*F51 -> 0.01018 | I51: Tomate cerise barquette | J51: =IFERROR(VLOOKUP(I51,'TARIFS 12 2025'!B28:J516,9,FALSE),"")*4 -> 9 | K51: 0.04 | L51: =+K51*J51 -> 0.36 | M51: Thon morceaux 650gr | N51: =IFERROR(VLOOKUP(M51,'TARIFS 12 2025'!B28:J526,9,FALSE),"") -> 3.88 | O51: 0.015 | P51: =+O51*N51 -> 0.0582
A52: Cerneaux invalides arlequins 10kg | B52: =IFERROR(VLOOKUP(A52,'TARIFS 12 2025'!B29:J551,9,FALSE),"")/10 -> 0.509 | C52: 0.01 | D52: =+C52*B52 -> 0.00509 | E52: Bleu cube 1,3kg | F52: =IFERROR(VLOOKUP(E52,'TARIFS 12 2025'!B29:J519,9,FALSE),"") -> 13.65 | G52: 0.02 | H52: =+G52*F52 -> 0.273 | I52: Mozzarella bille 1300g | J52: =IFERROR(VLOOKUP(I52,'TARIFS 12 2025'!B29:J517,9,FALSE),"") -> 12.66 | K52: 0.025 | L52: =+K52*J52 -> 0.3165 | M52: Maïs Boite 4/4 600g | N52: =IFERROR(VLOOKUP(M52,'TARIFS 12 2025'!B29:J527,9,FALSE),"") -> 2.05 | O52: 0.05 | P52: =+O52*N52 -> 0.1025
A53: Cranberries tendres 1kg | B53: =IFERROR(VLOOKUP(A53,'TARIFS 12 2025'!B30:J552,9,FALSE),"") -> 7.34 | C53: 0.01 | D53: =+C53*B53 -> 0.0734 | E53: Œuf Frais | F53: =IFERROR(VLOOKUP(E53,'TARIFS 12 2025'!B30:J520,9,FALSE),"") -> 2.72 | G53: 1 | H53: 0.16 | I53: Melon | J53: =IFERROR(VLOOKUP(I53,'TARIFS 12 2025'!B31:J519,9,FALSE),"") -> 1.55 | K53: 0.125 | L53: =+K53*J53 -> 0.19375 | M53: Olive noire denoyotée 4/4 | N53: =IFERROR(VLOOKUP(M53,'TARIFS 12 2025'!B30:J528,9,FALSE),"") -> 2.16 | O53: 0.008 | P53: =+O53*N53 -> 0.01728
A54: Concombre vendéen | B54: =IFERROR(VLOOKUP(A54,'TARIFS 12 2025'!B31:J553,9,FALSE),"") -> 1.4 | C54: 0.1 | D54: =+C54*B54 -> 0.14 | F54: =IFERROR(VLOOKUP(E54,'TARIFS 12 2025'!#REF!,9,FALSE),"") | N54: =IFERROR(VLOOKUP(M54,'TARIFS 12 2025'!B31:J529,9,FALSE),"")
B55: =IFERROR(VLOOKUP(A55,'TARIFS 12 2025'!#REF!,9,FALSE),"") | F55: =IFERROR(VLOOKUP(E55,'TARIFS 12 2025'!#REF!,9,FALSE),"") | J55: =IFERROR(VLOOKUP(I55,'TARIFS 12 2025'!#REF!,9,FALSE),"") | N55: =IFERROR(VLOOKUP(M55,'TARIFS 12 2025'!B32:J530,9,FALSE),"")
B57: =IFERROR(VLOOKUP(A57,'TARIFS 12 2025'!#REF!,9,FALSE),"") | F57: =IFERROR(VLOOKUP(E57,'TARIFS 12 2025'!B34:J524,9,FALSE),"") | J57: =IFERROR(VLOOKUP(I57,'TARIFS 12 2025'!F34:N524,9,FALSE),"") | N57: =IFERROR(VLOOKUP(M57,'TARIFS 12 2025'!J34:R524,9,FALSE),"")
B58: =IFERROR(VLOOKUP(A58,'TARIFS 12 2025'!#REF!,9,FALSE),"") | F58: =IFERROR(VLOOKUP(E58,'TARIFS 12 2025'!B35:J525,9,FALSE),"") | J58: =IFERROR(VLOOKUP(I58,'TARIFS 12 2025'!F35:N525,9,FALSE),"") | N58: =IFERROR(VLOOKUP(M58,'TARIFS 12 2025'!J35:R525,9,FALSE),"")
C60: pour 1 | D60: =+SUM(D47:D58) -> 0.78663 | G60: pour 1 | H60: =+SUM(H47:H58) -> 1.27154 | K60: pour 1 | L60: =+SUM(L47:L58) -> 1.37386 | O60: pour 1 | P60: =+SUM(P47:P58) -> 0.61884
C61: pour 1 | D61: =+D60 -> 0.78663 | G61: pour 1 | H61: =+H60 -> 1.27154 | K61: pour 1 | L61: =+L60 -> 1.37386 | O61: pour 1 | P61: =+P60 -> 0.61884
B62: 6.2 | F62: 6.2 | J62: 6.2 | N62: 6.2
A63: Tarif TTC | B63: 6.2 | C63: Vendu HT | D63: =+B63*0.945 -> 5.859 | E63: Tarif TTC | F63: 6.2 | G63: Vendu HT | H63: =+F63*0.945 -> 5.859 | I63: Tarif TTC | J63: 6.2 | K63: Vendu HT | L63: =+J63*0.945 -> 5.859 | M63: Tarif TTC | N63: 6.2 | O63: Vendu HT | P63: =+N63*0.945 -> 5.859
C64: Coef | D64: =+D63/D61 -> 7.4482285 | G64: Coef | H64: =+H63/H61 -> 4.6077984 | K64: Coef | L64: =+L63/L61 -> 4.2646267 | O64: Coef | P64: =+P63/P61 -> 9.4677138
C65: Marge | D65: =(D63-D61)/D63 -> 0.86573989 | G65: Marge | H65: =(H63-H61)/H63 -> 0.78297662 | K65: Marge | L65: =(L63-L61)/L63 -> 0.76551289 | O65: Marge | P65: =(P63-P61)/P63 -> 0.89437788
A66: Tacos Steak | E66: Burger La Pause | I66: Burger Poulet | M66: Tacos Poulet
B67: Prix au kilo | C67: Quantité | F67: Prix au kilo | G67: Quantité | J67: Prix au kilo | K67: Quantité | N67: Prix au kilo | O67: Quantité
A68: Tortillas Wraps 30cm | B68: =IFERROR(VLOOKUP(A68,'TARIFS 12 2025'!B46:J567,9,FALSE),"") -> 3.83 | C68: =1/15 -> 0.066666667 | D68: =+C68*B68 -> 0.25533333 | E68: Pain Burger | F68: =IFERROR(VLOOKUP(E68,'TARIFS 12 2025'!B46:J535,9,FALSE),"") -> 0.11812625 | G68: 1 | H68: =+G68*F68 -> 0.11812625 | I68: Pain Burger | J68: =IFERROR(VLOOKUP(I68,'TARIFS 12 2025'!B49:J534,9,FALSE),"") -> 0.11812625 | K68: 1 | L68: =+K68*J68 -> 0.11812625 | M68: Tortillas Wraps 30cm | N68: =IFERROR(VLOOKUP(M68,'TARIFS 12 2025'!B46:J543,9,FALSE),"") -> 3.83 | O68: =1/15 -> 0.066666667 | P68: =+O68*N68 -> 0.25533333
A69: Camembert | B69: =IFERROR(VLOOKUP(A69,'TARIFS 12 2025'!B49:J568,9,FALSE),"") -> 1.73 | C69: =1/5 -> 0.2 | D69: =+C69*B69 -> 0.346 | E69: Steak Haché frais | F69: =IFERROR(VLOOKUP(E69,'TARIFS 12 2025'!B49:J536,9,FALSE),"") -> 10.58 | G69: 0.1 | H69: =+G69*F69 -> 1.058 | I69: Aiguillettes P.Pané CORNFLAKES 1kG | J69: 7.53 | K69: 0.12 | L69: =+K69*J69 -> 0.9036 | M69: Aiguillettes P.Pané CORNFLAKES 1kG | N69: 7.53 | O69: 0.12 | P69: =+O69*N69 -> 0.9036
A70: Steak Haché frais | B70: =IFERROR(VLOOKUP(A70,'TARIFS 12 2025'!B50:J569,9,FALSE),"") -> 10.58 | C70: 0.1 | D70: =+C70*B70 -> 1.058 | E70: Salade batavia sachet | F70: =IFERROR(VLOOKUP(E70,'TARIFS 12 2025'!B50:J537,9,FALSE),"") -> 4.95 | G70: 0.02 | H70: =+G70*F70 -> 0.099 | I70: Tomate fraîches 57/67 | J70: =IFERROR(VLOOKUP(I70,'TARIFS 12 2025'!B51:J536,9,FALSE),"") -> 2.154 | K70: 0.03 | L70: =+K70*J70 -> 0.06462 | M70: Sauce Curry 950g | N70: =IFERROR(VLOOKUP(M70,'TARIFS 12 2025'!B50:J545,9,FALSE),"") -> 3.03 | O70: 0.04 | P70: =+O70*N70 -> 0.1212
A71: Oignon jaune | B71: =IFERROR(VLOOKUP(A71,'TARIFS 12 2025'!B52:J571,9,FALSE),"") -> 0.95 | C71: 0.02 | D71: =+C71*B71 -> 0.019 | E71: Bacon tranche 1kG | F71: 10.6 | G71: 0.01 | H71: =+G71*F71 -> 0.106 | I71: Cheddar (84 tranches) | J71: =IFERROR(VLOOKUP(I71,'TARIFS 12 2025'!B52:J537,9,FALSE),"") -> 8.96 | K71: 0.024 | L71: =+K71*J71 -> 0.21504 | M71: Cheddar (84 tranches) | N71: =IFERROR(VLOOKUP(M71,'TARIFS 12 2025'!B51:J546,9,FALSE),"") -> 8.96 | O71: 0.05 | P71: =+O71*N71 -> 0.448
E72: Cheddar (84 tranches) | F72: =IFERROR(VLOOKUP(E72,'TARIFS 12 2025'!B52:J539,9,FALSE),"") -> 8.96 | G72: 0.024 | H72: =+G72*F72 -> 0.21504 | I72: Sauce Risso Andalouse 1L | J72: =IFERROR(VLOOKUP(I72,'TARIFS 12 2025'!B53:J538,9,FALSE),"") -> 3.94 | K72: 0.03 | L72: =+K72*J72 -> 0.1182 | M72: Oignon jaune | N72: =IFERROR(VLOOKUP(M72,'TARIFS 12 2025'!B52:J547,9,FALSE),"") -> 0.95 | O72: 0.01 | P72: =+O72*N72 -> 0.0095
E73: Mayonnaise 5L | F73: =IFERROR(VLOOKUP(E73,'TARIFS 12 2025'!B53:J540,9,FALSE),"") -> 10.8 | G73: 0.02 | H73: =+G73*F73 -> 0.216 | M73: Pomme de terre | N73: 1.7 | O73: 0.15 | P73: =+O73*N73 -> 0.255
F74: =IFERROR(VLOOKUP(E74,'TARIFS 12 2025'!B54:J541,9,FALSE),"") | N74: =IFERROR(VLOOKUP(M74,'TARIFS 12 2025'!B54:J549,9,FALSE),"")
F75: =IFERROR(VLOOKUP(E75,'TARIFS 12 2025'!#REF!,9,FALSE),"") | N75: =IFERROR(VLOOKUP(M75,'TARIFS 12 2025'!B55:J550,9,FALSE),"")
F76: =IFERROR(VLOOKUP(E76,'TARIFS 12 2025'!#REF!,9,FALSE),"") | J76: =IFERROR(VLOOKUP(I76,'TARIFS 12 2025'!#REF!,9,FALSE),"") | N76: =IFERROR(VLOOKUP(M76,'TARIFS 12 2025'!B56:J551,9,FALSE),"")
B78: =IFERROR(VLOOKUP(A78,'TARIFS 12 2025'!#REF!,9,FALSE),"") | F78: =IFERROR(VLOOKUP(E78,'TARIFS 12 2025'!B58:J545,9,FALSE),"") | J78: =IFERROR(VLOOKUP(I78,'TARIFS 12 2025'!F58:N545,9,FALSE),"") | N78: =IFERROR(VLOOKUP(M78,'TARIFS 12 2025'!J58:R545,9,FALSE),"")
B79: =IFERROR(VLOOKUP(A79,'TARIFS 12 2025'!#REF!,9,FALSE),"") | F79: =IFERROR(VLOOKUP(E79,'TARIFS 12 2025'!B59:J546,9,FALSE),"") | J79: =IFERROR(VLOOKUP(I79,'TARIFS 12 2025'!F59:N546,9,FALSE),"") | N79: =IFERROR(VLOOKUP(M79,'TARIFS 12 2025'!J59:R546,9,FALSE),"")
C81: pour 1 | D81: =+SUM(D68:D79) -> 1.6783333 | G81: pour 1 | H81: =+SUM(H68:H79) -> 1.8121663 | K81: pour 1 | L81: =+SUM(L68:L79) -> 1.4195863 | O81: pour 1 | P81: =+SUM(P68:P79) -> 1.9926333
C82: pour 1 | D82: =+D81 -> 1.6783333 | G82: pour 1 | H82: =+H81 -> 1.8121663 | K82: pour 1 | L82: =+L81 -> 1.4195863 | O82: pour 1 | P82: =+P81 -> 1.9926333
E83: Prix actuel | F83: 9 | J83: 6.2
A84: Tarif TTC | B84: 7.9 | C84: Vendu HT | D84: =+B84*0.945 -> 7.4655 | E84: Tarif TTC | F84: 6.9 | G84: Vendu HT | H84: =+F84*0.945 -> 6.5205 | I84: Tarif TTC | J84: 6.4 | K84: Vendu HT | L84: =+J84*0.945 -> 6.048 | M84: Tarif TTC | N84: 8.9 | O84: Vendu HT | P84: =+N84*0.945 -> 8.4105
C85: Coef | D85: =+D84/D82 -> 4.4481629 | G85: Coef | H85: =+H84/H82 -> 3.5981798 | K85: Coef | L85: =+L84/L82 -> 4.2603963 | O85: Coef | P85: =+P84/P82 -> 4.2207966
C86: Marge | D86: =(D84-D82)/D84 -> 0.77518809 | G86: Marge | H86: =(H84-H82)/H84 -> 0.7220817 | K86: Marge | L86: =(L84-L82)/L84 -> 0.76528005 | O86: Marge | P86: =(P84-P82)/P84 -> 0.7630779
A87: JAMBON BEURRE EMMENTAL | E87: Americain La Pause | I87: Blabla
B88: Prix au kilo | C88: Quantité | F88: Prix au kilo | G88: Quantité | J88: Prix au kilo | K88: Quantité
A89: Pâte Tradition | B89: =IFERROR(VLOOKUP(A89,'TARIFS 12 2025'!B90:J572,9,FALSE),"") -> 0.11275431 | C89: 0.2 | D89: =+C89*B89 -> 0.022550862 | E89: Pâte Tradition | F89: =IFERROR(VLOOKUP(E89,'TARIFS 12 2025'!B67:J556,9,FALSE),"") -> 0.11275431 | G89: 0.2 | H89: =+G89*F89 -> 0.022550862 | J89: =IFERROR(VLOOKUP(I89,'TARIFS 12 2025'!F67:N556,9,FALSE),"") | L89: =+K89*J89 -> #VALUE!
A90: Crème fraîche Epaisse 15% 5kg | B90: =IFERROR(VLOOKUP(A90,'TARIFS 12 2025'!B91:J548,9,FALSE),"") -> 3.02 | C90: 0.02 | D90: =+C90*B90 -> 0.0604 | E90: Steak Haché frais | F90: =IFERROR(VLOOKUP(E90,'TARIFS 12 2025'!B68:J557,9,FALSE),"") -> 10.58 | G90: 0.125 | H90: =G90*F90 -> 1.3225 | J90: =IFERROR(VLOOKUP(I90,'TARIFS 12 2025'!F68:N557,9,FALSE),"") | L90: =K90*J90 -> #VALUE!
A91: Jambon Cru de Pays | B91: 12 | C91: 0.025 | D91: =+C91*B91 -> 0.3 | E91: Salade batavia sachet | F91: =IFERROR(VLOOKUP(E91,'TARIFS 12 2025'!B71:J558,9,FALSE),"") -> 4.95 | G91: 0.02 | H91: =+G91*F91 -> 0.099 | J91: =IFERROR(VLOOKUP(I91,'TARIFS 12 2025'!F71:N558,9,FALSE),"") | L91: =+K91*J91 -> #VALUE!
A92: Raclette Tranche | B92: 9 | C92: 0.07 | D92: =+C92*B92 -> 0.63 | E92: Bacon tranche 1kG | F92: 10.6 | G92: 0.01 | H92: =+G92*F92 -> 0.106 | J92: 10.6 | L92: =+K92*J92 -> 0
A93: Pomme de terre | B93: 1.7 | C93: 0.06 | D93: =+C93*B93 -> 0.102 | E93: Cheddar (84 tranches) | F93: =IFERROR(VLOOKUP(E93,'TARIFS 12 2025'!B73:J560,9,FALSE),"") -> 8.96 | G93: 0.024 | H93: =+G93*F93 -> 0.21504 | J93: =IFERROR(VLOOKUP(I93,'TARIFS 12 2025'!F73:N560,9,FALSE),"") | L93: =+K93*J93 -> #VALUE!
B94: =IFERROR(VLOOKUP(A94,'TARIFS 12 2025'!B95:J551,9,FALSE),"") | E94: Mayonnaise 5L | F94: =IFERROR(VLOOKUP(E94,'TARIFS 12 2025'!B74:J561,9,FALSE),"") -> 10.8 | G94: 0.02 | H94: =+G94*F94 -> 0.216 | J94: =IFERROR(VLOOKUP(I94,'TARIFS 12 2025'!F74:N561,9,FALSE),"") | L94: =+K94*J94 -> #VALUE!
B95: =IFERROR(VLOOKUP(A95,'TARIFS 12 2025'!B96:J552,9,FALSE),"") | E95: Pomme de terre | F95: =IFERROR(VLOOKUP(E95,'TARIFS 12 2025'!B75:J562,9,FALSE),"") -> 0.95 | G95: 0.2 | H95: =+G95*F95 -> 0.19 | J95: =IFERROR(VLOOKUP(I95,'TARIFS 12 2025'!F75:N562,9,FALSE),"") | L95: =+K95*J95 -> #VALUE!
B96: =IFERROR(VLOOKUP(A96,'TARIFS 12 2025'!B97:J553,9,FALSE),"") | F96: =IFERROR(VLOOKUP(E96,'TARIFS 12 2025'!#REF!,9,FALSE),"") | J96: =IFERROR(VLOOKUP(I96,'TARIFS 12 2025'!#REF!,9,FALSE),"")
B97: =IFERROR(VLOOKUP(A97,'TARIFS 12 2025'!B98:J556,9,FALSE),"") | F97: =IFERROR(VLOOKUP(E97,'TARIFS 12 2025'!#REF!,9,FALSE),"") | J97: =IFERROR(VLOOKUP(I97,'TARIFS 12 2025'!#REF!,9,FALSE),"")
B98: =IFERROR(VLOOKUP(A98,'TARIFS 12 2025'!B99:J557,9,FALSE),"")
B99: =IFERROR(VLOOKUP(A99,'TARIFS 12 2025'!B100:J558,9,FALSE),"") | F99: =IFERROR(VLOOKUP(E99,'TARIFS 12 2025'!B79:J566,9,FALSE),"") | J99: =IFERROR(VLOOKUP(I99,'TARIFS 12 2025'!F79:N566,9,FALSE),"")
F100: =IFERROR(VLOOKUP(E100,'TARIFS 12 2025'!B80:J567,9,FALSE),"") | J100: =IFERROR(VLOOKUP(I100,'TARIFS 12 2025'!F80:N567,9,FALSE),"")
C102: pour 1 | D102: =+SUM(D89:D100) -> 1.1149509 | G102: pour 1 | H102: =+SUM(H89:H100) -> 2.1710909 | K102: pour 1 | L102: =+SUM(L89:L100) -> #VALUE!
C103: pour 1 | D103: =+D102 -> 1.1149509 | G103: pour 1 | H103: =+H102 -> 2.1710909 | K103: pour 1 | L103: =+L102 -> #VALUE!
C104: Vendu TTC | D104: 5.2 | E104: Prix actuel | F104: 9 | I104: Prix actuel | J104: 9
C105: Vendu HT | D105: =D104*0.925 -> 4.81 | E105: Tarif TTC | F105: 8.9 | G105: Vendu HT | H105: =+F105*0.945 -> 8.4105 | I105: Tarif TTC | J105: 8.9 | K105: Vendu HT | L105: =+J105*0.945 -> 8.4105
C106: Coef | D106: =+D105/D103 -> 4.3140915 | G106: Coef | H106: =+H105/H103 -> 3.8738591 | K106: Coef | L106: =+L105/L103 -> #VALUE!
C107: Marge | D107: =(D105-D103)/D105 -> 0.76820148 | G107: Marge | H107: =(H105-H103)/H105 -> 0.74185948 | K107: Marge | L107: =(L105-L103)/L105 -> #VALUE!

Sheet OUTILS
A1: Coeff souhaité | B1: 0
A2: LEVAIN DUR | E2: PATE VIENNOISE | I2: PATE FERMENTEE VIENNOISE | M2: CREME PATISSIERE
B3: Prix au kilo | C3: Quantité | F3: Prix au kilo | G3: Quantité | J3: Prix au kilo | K3: Quantité | N3: Prix au kilo | O3: Quantité
A4: Farine Bio Bise UE | B4: =IFERROR(VLOOKUP(A4,'TARIFS 12 2025'!B3:J461,9,FALSE),"") -> 1.095 | C4: 1 | D4: =+C4*B4 -> 1.095 | E4: Farine Emilie TF T65 | F4: =IFERROR(VLOOKUP(E4,'TARIFS 12 2025'!B3:J466,9,FALSE),"") -> 0.705 | G4: 6 | H4: =+G4*F4 -> 4.23 | I4: Farine T45 | J4: =IFERROR(VLOOKUP(I4,'TARIFS 12 2025'!B3:J502,9,FALSE),"") -> 1.05 | K4: 2 | L4: =+K4*J4 -> 2.1 | M4: Poudre lait Entier 26% 25kG | N4: =IFERROR(VLOOKUP(M4,'TARIFS 12 2025'!B3:J510,9,FALSE),"") -> 5.16 | O4: 0.1 | P4: =+O4*N4 -> 0.516
A5: Eau | B5: =IFERROR(VLOOKUP(A5,'TARIFS 12 2025'!B4:J461,9,FALSE),"") -> 0.004 | C5: 1 | D5: =+C5*B5 -> 0.004 | E5: Farine T45 | F5: =IFERROR(VLOOKUP(E5,'TARIFS 12 2025'!B4:J469,9,FALSE),"") -> 1.05 | G5: 6 | H5: =+G5*F5 -> 6.3 | I5: Eau | J5: =IFERROR(VLOOKUP(I5,'TARIFS 12 2025'!B4:J503,9,FALSE),"") -> 0.004 | K5: 0.77 | L5: =+K5*J5 -> 0.00308 | M5: Sucre Crist Semoule 25kG | N5: =IFERROR(VLOOKUP(M5,'TARIFS 12 2025'!B4:J511,9,FALSE),"") -> 0.86 | O5: 0.18 | P5: =+O5*N5 -> 0.1548
A6: Farine T45 | B6: =IFERROR(VLOOKUP(A6,'TARIFS 12 2025'!B5:J462,9,FALSE),"") -> 1.05 | C6: 1 | D6: =+C6*B6 -> 1.05 | E6: Sucre Crist Semoule 25kG | F6: =IFERROR(VLOOKUP(E6,'TARIFS 12 2025'!B5:J470,9,FALSE),"") -> 0.86 | G6: 0.72 | H6: =+G6*F6 -> 0.6192 | I6: Sel fin 25kG | J6: =IFERROR(VLOOKUP(I6,'TARIFS 12 2025'!B5:J504,9,FALSE),"") -> 0.27 | K6: 0.04 | L6: =+K6*J6 -> 0.0108 | M6: Poudre crème pâtissière 25kG | N6: =IFERROR(VLOOKUP(M6,'TARIFS 12 2025'!B5:J512,9,FALSE),"") -> 3.09 | O6: 0.08 | P6: =+O6*N6 -> 0.2472
E7: Sel fin 25kG | F7: =IFERROR(VLOOKUP(E7,'TARIFS 12 2025'!B6:J471,9,FALSE),"") -> 0.27 | G7: 0.24 | H7: =+G7*F7 -> 0.0648 | I7: Sucre Crist Semoule 25kG | J7: =IFERROR(VLOOKUP(I7,'TARIFS 12 2025'!B6:J505,9,FALSE),"") -> 0.86 | K7: 0.286 | L7: =+K7*J7 -> 0.24596 | M7: Œuf Frais | N7: =IFERROR(VLOOKUP(M7,'TARIFS 12 2025'!B6:J513,9,FALSE),"") -> 2.72 | O7: 0.18 | P7: =+O7*N7 -> 0.4896
B8: =IFERROR(VLOOKUP(A8,'TARIFS 12 2025'!B7:J463,9,FALSE),"") | E8: Poudre lait Entier 26% 25kG | F8: =IFERROR(VLOOKUP(E8,'TARIFS 12 2025'!B7:J472,9,FALSE),"") -> 5.16 | G8: 0.6 | H8: =+G8*F8 -> 3.096 | I8: Levure Hirondelle Or 2,5kG | J8: =IFERROR(VLOOKUP(I8,'TARIFS 12 2025'!B7:J506,9,FALSE),"") -> 3.85 | K8: 0.08 | L8: =+K8*J8 -> 0.308 | N8: =IFERROR(VLOOKUP(M8,'TARIFS 12 2025'!B7:J514,9,FALSE),"")
B9: =IFERROR(VLOOKUP(A9,'TARIFS 12 2025'!B8:J464,9,FALSE),"") | E9: Œuf Frais | F9: =IFERROR(VLOOKUP(E9,'TARIFS 12 2025'!B8:J473,9,FALSE),"") -> 2.72 | G9: 1.44 | H9: =+G9*F9 -> 3.9168 | I9: Top Fournil | J9: =IFERROR(VLOOKUP(I9,'TARIFS 12 2025'!B8:J507,9,FALSE),"") -> 4.49 | K9: 0.025 | L9: =+K9*J9 -> 0.11225 | N9: =IFERROR(VLOOKUP(M9,'TARIFS 12 2025'!B8:J515,9,FALSE),"")
B10: =IFERROR(VLOOKUP(A10,'TARIFS 12 2025'!B9:J465,9,FALSE),"") | E10: Beurre 82% Motte 25kG | F10: =IFERROR(VLOOKUP(E10,'TARIFS 12 2025'!B9:J474,9,FALSE),"") -> 4.8 | G10: 2.4 | H10: =+G10*F10 -> 11.52 | I10: Beurre 82% Motte 25kG | J10: =IFERROR(VLOOKUP(I10,'TARIFS 12 2025'!B9:J508,9,FALSE),"") -> 4.8 | K10: 0.142 | L10: =+K10*J10 -> 0.6816 | N10: =IFERROR(VLOOKUP(M10,'TARIFS 12 2025'!B9:J516,9,FALSE),"")
B11: =IFERROR(VLOOKUP(A11,'TARIFS 12 2025'!B10:J466,9,FALSE),"") | E11: Eau | F11: =IFERROR(VLOOKUP(E11,'TARIFS 12 2025'!B10:J475,9,FALSE),"") -> 0.004 | G11: 4.4 | H11: =+G11*F11 -> 0.0176 | I11: Œuf Frais | J11: =IFERROR(VLOOKUP(I11,'TARIFS 12 2025'!B10:J509,9,FALSE),"") -> 2.72 | K11: 2.58 | L11: =+K11*J11 -> 7.0176 | N11: =IFERROR(VLOOKUP(M11,'TARIFS 12 2025'!B10:J517,9,FALSE),"")
B12: =IFERROR(VLOOKUP(A12,'TARIFS 12 2025'!B11:J469,9,FALSE),"") | E12: Levure Hirondelle Or 2,5kG | F12: =IFERROR(VLOOKUP(E12,'TARIFS 12 2025'!B11:J476,9,FALSE),"") -> 3.85 | G12: 0.5 | H12: =+G12*F12 -> 1.925 | J12: =IFERROR(VLOOKUP(I12,'TARIFS 12 2025'!B11:J510,9,FALSE),"") | N12: =IFERROR(VLOOKUP(M12,'TARIFS 12 2025'!B11:J518,9,FALSE),"")
B13: =IFERROR(VLOOKUP(A13,'TARIFS 12 2025'!B12:J470,9,FALSE),"") | E13: Top Fournil | F13: =IFERROR(VLOOKUP(E13,'TARIFS 12 2025'!B12:J477,9,FALSE),"") -> 4.49 | G13: 0.06 | H13: =+G13*F13 -> 0.2694 | J13: =IFERROR(VLOOKUP(I13,'TARIFS 12 2025'!B12:J511,9,FALSE),"") | N13: =IFERROR(VLOOKUP(M13,'TARIFS 12 2025'!B12:J519,9,FALSE),"")
B14: =IFERROR(VLOOKUP(A14,'TARIFS 12 2025'!B13:J471,9,FALSE),"") | J14: =IFERROR(VLOOKUP(I14,'TARIFS 12 2025'!B13:J512,9,FALSE),"") | N14: =IFERROR(VLOOKUP(M14,'TARIFS 12 2025'!B13:J520,9,FALSE),"")
J15: =IFERROR(VLOOKUP(I15,'TARIFS 12 2025'!B14:J513,9,FALSE),"") | N15: =IFERROR(VLOOKUP(M15,'TARIFS 12 2025'!B14:J521,9,FALSE),"")
C17: pour 3 | D17: =+SUM(D4:D15) -> 2.149 | G17: pour 31,36 | H17: =+SUM(H4:H15) -> 31.9588 | K17: pour 3,485 | L17: =+SUM(L4:L15) -> 10.47929 | O17: pour 1,44 | P17: =+SUM(P4:P15) -> 1.4076
C18: pour 1 | D18: =+D17/3 -> 0.71633333 | G18: pour 1 | H18: =+H17/31.36 -> 1.0190944 | K18: pour 1 | L18: =+L17/3.485 -> 3.0069699 | O18: pour 1 | P18: =+P17/1.44 -> 0.9775
A24: PATE FERMENTE | E24: FEUILLETAGE | I24: PATE A CHOUX ECLAIR | M24: CREME PATISSIERE CHOCOLAT
B25: Prix au kilo | C25: Quantité | F25: Prix au kilo | G25: Quantité | J25: Prix au kilo | K25: Quantité | N25: Prix au kilo | O25: Quantité
A26: Farine Emilie TF T65 | B26: =IFERROR(VLOOKUP(A26,'TARIFS 12 2025'!B3:J525,9,FALSE),"") -> 0.705 | C26: 1 | D26: =+C26*B26 -> 0.705 | E26: Farine Toque Mauve | F26: =IFERROR(VLOOKUP(E26,'TARIFS 12 2025'!B3:J493,9,FALSE),"") -> 0.895 | G26: 54 | H26: =+G26*F26 -> 48.33 | I26: Eau | J26: =IFERROR(VLOOKUP(I26,'TARIFS 12 2025'!B3:J491,9,FALSE),"") -> 0.004 | K26: 6 | L26: =+K26*J26 -> 0.024 | M26: Crème Patissière | N26: =IFERROR(VLOOKUP(M26,'TARIFS 12 2025'!B3:J501,9,FALSE),"") -> 0.9775 | O26: 1 | P26: =+O26*N26 -> 0.9775
A27: Eau | B27: =IFERROR(VLOOKUP(A27,'TARIFS 12 2025'!B4:J526,9,FALSE),"") -> 0.004 | C27: 0.65 | D27: =+C27*B27 -> 0.0026 | E27: Beurre 82% Motte 25kG | F27: =IFERROR(VLOOKUP(E27,'TARIFS 12 2025'!B4:J494,9,FALSE),"") -> 4.8 | G27: 19.5 | H27: =+G27*F27 -> 93.6 | I27: Beurre 82% Motte 25kG | J27: =IFERROR(VLOOKUP(I27,'TARIFS 12 2025'!B4:J492,9,FALSE),"") -> 4.8 | K27: 3 | L27: =+K27*J27 -> 14.4 | M27: Arôme Chocolat | N27: =IFERROR(VLOOKUP(M27,'TARIFS 12 2025'!B4:J502,9,FALSE),"") -> 11 | O27: 0.09 | P27: =+O27*N27 -> 0.99
A28: Sel fin 25kG | B28: =IFERROR(VLOOKUP(A28,'TARIFS 12 2025'!B5:J527,9,FALSE),"") -> 0.27 | C28: 0.02 | D28: =+C28*B28 -> 0.0054 | E28: Sel fin 25kG | F28: =IFERROR(VLOOKUP(E28,'TARIFS 12 2025'!B5:J495,9,FALSE),"") -> 0.27 | G28: 1.35 | H28: =+G28*F28 -> 0.3645 | I28: Sel fin 25kG | J28: =IFERROR(VLOOKUP(I28,'TARIFS 12 2025'!B5:J493,9,FALSE),"") -> 0.27 | K28: 0.06 | L28: =+K28*J28 -> 0.0162 | N28: =IFERROR(VLOOKUP(M28,'TARIFS 12 2025'!B5:J503,9,FALSE),"")
A29: Levure Hirondelle Bleue 2,5kG | B29: =IFERROR(VLOOKUP(A29,'TARIFS 12 2025'!B6:J528,9,FALSE),"") -> 3.05 | C29: 0.015 | D29: =+C29*B29 -> 0.04575 | E29: Vinaigre d'alcool blanc 1,5l | F29: =IFERROR(VLOOKUP(E29,'TARIFS 12 2025'!B7:J497,9,FALSE),"") -> 0.69 | G29: 0.4 | H29: =+G29*F29 -> 0.276 | I29: Sucre Crist Semoule 25kG | J29: =IFERROR(VLOOKUP(I29,'TARIFS 12 2025'!B6:J494,9,FALSE),"") -> 0.86 | K29: 0.06 | L29: =+K29*J29 -> 0.0516 | N29: =IFERROR(VLOOKUP(M29,'TARIFS 12 2025'!B6:J504,9,FALSE),"")
A30: Top Fournil | B30: =IFERROR(VLOOKUP(A30,'TARIFS 12 2025'!B7:J529,9,FALSE),"") -> 4.49 | C30: 0.01 | D30: =+C30*B30 -> 0.0449 | E30: Eau | F30: =IFERROR(VLOOKUP(E30,'TARIFS 12 2025'!B8:J498,9,FALSE),"") -> 0.004 | G30: 18 | H30: =+G30*F30 -> 0.072 | I30: Farine Emilie TF T65 | J30: =IFERROR(VLOOKUP(I30,'TARIFS 12 2025'!B7:J495,9,FALSE),"") -> 0.705 | K30: 3.6 | L30: =+K30*J30 -> 2.538 | N30: =IFERROR(VLOOKUP(M30,'TARIFS 12 2025'!B7:J505,9,FALSE),"")
B31: =IFERROR(VLOOKUP(A31,'TARIFS 12 2025'!B8:J530,9,FALSE),"") | E31: Margarine 10kg | F31: =IFERROR(VLOOKUP(E31,'TARIFS 12 2025'!B9:J499,9,FALSE),"") -> 2.5 | G31: 20 | H31: =+G31*F31 -> 50 | I31: Œuf Frais | J31: =IFERROR(VLOOKUP(I31,'TARIFS 12 2025'!B8:J496,9,FALSE),"") -> 2.72 | K31: 4.125 | L31: =+K31*J31 -> 11.22 | N31: =IFERROR(VLOOKUP(M31,'TARIFS 12 2025'!B8:J506,9,FALSE),"")
B32: =IFERROR(VLOOKUP(A32,'TARIFS 12 2025'!B9:J531,9,FALSE),"") | E32: Sucre Crist Semoule 25kG | F32: =IFERROR(VLOOKUP(E32,'TARIFS 12 2025'!B10:J500,9,FALSE),"") -> 0.86 | G32: 1.35 | H32: =+G32*F32 -> 1.161 | I32: Agent Démoulage Aerosol 500mL | J32: =IFERROR(VLOOKUP(I32,'TARIFS 12 2025'!B3:J503,9,FALSE),"") -> 2.75 | K32: 1 | L32: =+K32*J32 -> 2.75 | N32: =IFERROR(VLOOKUP(M32,'TARIFS 12 2025'!B9:J507,9,FALSE),"")
B33: =IFERROR(VLOOKUP(A33,'TARIFS 12 2025'!B10:J532,9,FALSE),"") | F33: =IFERROR(VLOOKUP(E33,'TARIFS 12 2025'!B10:J500,9,FALSE),"") | N33: =IFERROR(VLOOKUP(M33,'TARIFS 12 2025'!B10:J508,9,FALSE),"")
B34: =IFERROR(VLOOKUP(A34,'TARIFS 12 2025'!B11:J533,9,FALSE),"") | F34: =IFERROR(VLOOKUP(E34,'TARIFS 12 2025'!B11:J501,9,FALSE),"") | J34: =IFERROR(VLOOKUP(I34,'TARIFS 12 2025'!B11:J499,9,FALSE),"") | N34: =IFERROR(VLOOKUP(M34,'TARIFS 12 2025'!B11:J509,9,FALSE),"")
B35: =IFERROR(VLOOKUP(A35,'TARIFS 12 2025'!B12:J534,9,FALSE),"") | J35: =IFERROR(VLOOKUP(I35,'TARIFS 12 2025'!B12:J500,9,FALSE),"") | N35: =IFERROR(VLOOKUP(M35,'TARIFS 12 2025'!B12:J510,9,FALSE),"")
F36: =IFERROR(VLOOKUP(E36,'TARIFS 12 2025'!B13:J503,9,FALSE),"") | J36: =IFERROR(VLOOKUP(I36,'TARIFS 12 2025'!F13:N503,9,FALSE),"") | N36: =IFERROR(VLOOKUP(M36,'TARIFS 12 2025'!B13:J511,9,FALSE),"")
F37: =IFERROR(VLOOKUP(E37,'TARIFS 12 2025'!B14:J504,9,FALSE),"") | J37: =IFERROR(VLOOKUP(I37,'TARIFS 12 2025'!F14:N504,9,FALSE),"") | N37: =IFERROR(VLOOKUP(M37,'TARIFS 12 2025'!B14:J512,9,FALSE),"")
N38: =IFERROR(VLOOKUP(M38,'TARIFS 12 2025'!B15:J513,9,FALSE),"")
C39: pour 1,70 | D39: =+SUM(D26:D37) -> 0.80365 | G39: pour 114,6 | H39: =+SUM(H26:H37) -> 193.8035 | K39: pour 420 | L39: =+SUM(L26:L37)/6 -> 5.1666333 | N39: =IFERROR(VLOOKUP(M39,'TARIFS 12 2025'!B16:J514,9,FALSE),"") | O39: pour 1 | P39: =+SUM(P26:P37) -> 1.9675
C40: pour 1 | D40: =+D39/1.7 -> 0.47273529 | G40: pour 1 | H40: =+H39/114.6 -> 1.69113 | K40: pour 1 | L40: =+L39/420 -> 0.012301508 | N40: =IFERROR(VLOOKUP(M40,'TARIFS 12 2025'!B17:J515,9,FALSE),"") | O40: pour 1 | P40: =+P39 -> 1.9675
N41: =IFERROR(VLOOKUP(M41,'TARIFS 12 2025'!B18:J516,9,FALSE),"")
N42: =IFERROR(VLOOKUP(M42,'TARIFS 12 2025'!B19:J517,9,FALSE),"")
N43: =IFERROR(VLOOKUP(M43,'TARIFS 12 2025'!B20:J518,9,FALSE),"")
N44: =IFERROR(VLOOKUP(M44,'TARIFS 12 2025'!B21:J519,9,FALSE),"")
N45: =IFERROR(VLOOKUP(M45,'TARIFS 12 2025'!B22:J520,9,FALSE),"")
A46: FONDANT CHOCOLAT | E46: SABLEE BRETON | I46: Ganache montee | M46: Cookie
B47: Prix au kilo | C47: Quantité | F47: Prix au kilo | G47: Quantité | J47: Prix au kilo | K47: Quantité | N47: =IFERROR(VLOOKUP(M47,'TARIFS 12 2025'!B24:J522,9,FALSE),"") | O47: Quantité
A48: Fondant Blanc 15kG | B48: =IFERROR(VLOOKUP(A48,'TARIFS 12 2025'!B25:J547,9,FALSE),"") -> 1.83 | C48: 1 | D48: =+C48*B48 -> 1.83 | E48: Beurre 82% Motte 25kG | F48: =IFERROR(VLOOKUP(E48,'TARIFS 12 2025'!B25:J515,9,FALSE),"") -> 4.8 | G48: 6.65 | H48: =+G48*F48 -> 31.92 | I48: Crème fraîche UHT Campina 35% 1L | J48: =IFERROR(VLOOKUP(I48,'TARIFS 12 2025'!B25:J513,9,FALSE),"") -> 3.92 | K48: 1 | L48: =+K48*J48 -> 3.92 | M48: Beurre 82% Motte 25kG | N48: =IFERROR(VLOOKUP(M48,'TARIFS 12 2025'!B25:J523,9,FALSE),"") -> 4.8 | O48: 0.9375 | P48: =+O48*N48 -> 4.5
A49: Arôme Chocolat | B49: 11 | C49: 0.05 | D49: =+C49*B49 -> 0.55 | E49: Sucre glace sac papier 10kG | F49: =IFERROR(VLOOKUP(E49,'TARIFS 12 2025'!B26:J516,9,FALSE),"") -> 1.11 | G49: 6 | H49: =+G49*F49 -> 6.66 | I49: Couv Blanc 33% 10kG | J49: =IFERROR(VLOOKUP(I49,'TARIFS 12 2025'!B26:J514,9,FALSE),"") -> 16.02 | K49: 0.2 | L49: =+K49*J49 -> 3.204 | M49: Margarine 10kg | N49: =IFERROR(VLOOKUP(M49,'TARIFS 12 2025'!B26:J524,9,FALSE),"") -> 2.5 | O49: =1.875/2 -> 0.9375 | P49: =+O49*N49 -> 2.34375
B50: =IFERROR(VLOOKUP(A50,'TARIFS 12 2025'!B27:J549,9,FALSE),"") | E50: Œuf Frais | F50: =IFERROR(VLOOKUP(E50,'TARIFS 12 2025'!B27:J517,9,FALSE),"") -> 2.72 | G50: 1 | H50: =+G50*F50 -> 2.72 | I50: Gélatine Poudre Bovine 200 Briancon 1 kG | J50: =IFERROR(VLOOKUP(I50,'TARIFS 12 2025'!B27:J515,9,FALSE),"") -> 20.56 | K50: 0.055 | L50: =+K50*J50 -> 1.1308 | M50: Sucre cassonade 25kG (Pure Canne) | N50: =IFERROR(VLOOKUP(M50,'TARIFS 12 2025'!B27:J525,9,FALSE),"") -> 1.467 | O50: 1.5625 | P50: =+O50*N50 -> 2.2921875
B51: =IFERROR(VLOOKUP(A51,'TARIFS 12 2025'!B28:J550,9,FALSE),"") | E51: Levure chimique 1kG | F51: =IFERROR(VLOOKUP(E51,'TARIFS 12 2025'!B28:J518,9,FALSE),"") -> 4.69 | G51: 0.12 | H51: =+G51*F51 -> 0.5628 | J51: =IFERROR(VLOOKUP(I51,'TARIFS 12 2025'!B28:J516,9,FALSE),"") | M51: Sucre Crist Semoule 25kG | N51: =IFERROR(VLOOKUP(M51,'TARIFS 12 2025'!B28:J526,9,FALSE),"") -> 0.86 | O51: 1.5625 | P51: =+O51*N51 -> 1.34375
B52: =IFERROR(VLOOKUP(A52,'TARIFS 12 2025'!B29:J551,9,FALSE),"") | E52: Sel fin 25kG | F52: =IFERROR(VLOOKUP(E52,'TARIFS 12 2025'!B29:J519,9,FALSE),"") -> 0.27 | G52: 0.15 | H52: =+G52*F52 -> 0.0405 | J52: =IFERROR(VLOOKUP(I52,'TARIFS 12 2025'!B29:J517,9,FALSE),"") | M52: Œuf Frais | N52: =IFERROR(VLOOKUP(M52,'TARIFS 12 2025'!B29:J527,9,FALSE),"") -> 2.72 | O52: 1.25 | P52: =+O52*N52 -> 3.4
B53: =IFERROR(VLOOKUP(A53,'TARIFS 12 2025'!B30:J552,9,FALSE),"") | E53: Farine T45 | F53: =IFERROR(VLOOKUP(E53,'TARIFS 12 2025'!B30:J520,9,FALSE),"") -> 1.05 | G53: 8 | H53: =+G53*F53 -> 8.4 | J53: =IFERROR(VLOOKUP(I53,'TARIFS 12 2025'!B30:J518,9,FALSE),"") | M53: Levure chimique 1kG | N53: =IFERROR(VLOOKUP(M53,'TARIFS 12 2025'!B30:J528,9,FALSE),"") -> 4.69 | O53: 0.0625 | P53: =+O53*N53 -> 0.293125
B54: =IFERROR(VLOOKUP(A54,'TARIFS 12 2025'!B31:J553,9,FALSE),"") | E54: Jaune Œuf Cocotine PEP 1kG | F54: =IFERROR(VLOOKUP(E54,'TARIFS 12 2025'!B31:J521,9,FALSE),"") -> 5.389 | G54: 1 | H54: =+G54*F54 -> 5.389 | J54: =IFERROR(VLOOKUP(I54,'TARIFS 12 2025'!B25:J525,9,FALSE),"") | M54: Sel fin 25kG | N54: =IFERROR(VLOOKUP(M54,'TARIFS 12 2025'!B31:J529,9,FALSE),"") -> 0.27 | O54: 0.0625 | P54: =+O54*N54 -> 0.016875
B55: =IFERROR(VLOOKUP(A55,'TARIFS 12 2025'!B32:J554,9,FALSE),"") | F55: =IFERROR(VLOOKUP(E55,'TARIFS 12 2025'!B32:J522,9,FALSE),"") | J55: =IFERROR(VLOOKUP(I55,'TARIFS 12 2025'!B32:J520,9,FALSE),"") | M55: Farine Emilie TF T65 | N55: =IFERROR(VLOOKUP(M55,'TARIFS 12 2025'!B32:J530,9,FALSE),"") -> 0.705 | O55: 4.375 | P55: =+O55*N55 -> 3.084375
B56: =IFERROR(VLOOKUP(A56,'TARIFS 12 2025'!B33:J555,9,FALSE),"") | F56: =IFERROR(VLOOKUP(E56,'TARIFS 12 2025'!B33:J523,9,FALSE),"") | J56: =IFERROR(VLOOKUP(I56,'TARIFS 12 2025'!B33:J521,9,FALSE),"") | N56: =IFERROR(VLOOKUP(M56,'TARIFS 12 2025'!B33:J531,9,FALSE),"")
B57: =IFERROR(VLOOKUP(A57,'TARIFS 12 2025'!B34:J556,9,FALSE),"") | J57: =IFERROR(VLOOKUP(I57,'TARIFS 12 2025'!B34:J522,9,FALSE),"")
F58: =IFERROR(VLOOKUP(E58,'TARIFS 12 2025'!B35:J525,9,FALSE),"") | J58: =IFERROR(VLOOKUP(I58,'TARIFS 12 2025'!F35:N525,9,FALSE),"") | N58: =IFERROR(VLOOKUP(M58,'TARIFS 12 2025'!J35:R525,9,FALSE),"")
F59: =IFERROR(VLOOKUP(E59,'TARIFS 12 2025'!B36:J526,9,FALSE),"") | J59: =IFERROR(VLOOKUP(I59,'TARIFS 12 2025'!F36:N526,9,FALSE),"") | N59: =IFERROR(VLOOKUP(M59,'TARIFS 12 2025'!J36:R526,9,FALSE),"")
C61: pour 1,70 | D61: =+SUM(D48:D59) -> 2.38 | G61: pour 54,499 | H61: =+SUM(H48:H59) -> 55.6923 | K61: pour 56 | L61: =+SUM(L48:L59) -> 8.2548 | O61: pour 10,75kg | P61: =+SUM(P48:P59) -> 17.274062
C62: pour 1 | D62: =+D61 -> 2.38 | G62: pour 1 | H62: =+H61/22.92 -> 2.429856 | K62: pour 1 | L62: =+L61/1.255 -> 6.5775299 | O62: pour 1 | P62: =P61/10.75 -> 1.6068895

Sheet PATISSERIE - BOULANGE
A1: Coeff souhaité | B1: 4.5
A2: FLAN | E2: Eclair au chocolat | I2: Biscuit de Noël | M2: Rose des sables
B3: Prix au kilo | C3: Quantité | F3: Prix au kilo | G3: Quantité | J3: Prix au kilo | K3: Quantité | N3: Prix au kilo | O3: Quantité
A4: Lait 1/2 Ecrémé 1L | B4: =IFERROR(VLOOKUP(A4,'TARIFS 12 2025'!B3:J461,9,FALSE),"") -> 0.79 | C4: 0.884 | D4: =+C4*B4 -> 0.69836 | E4: Pâte à choux Eclair | F4: =IFERROR(VLOOKUP(E4,'TARIFS 12 2025'!B3:J466,9,FALSE),"") -> 0.012301508 | G4: 1 | H4: =+G4*F4 -> 0.012301508 | I4: Sucre Crist Semoule 25kG | J4: =IFERROR(VLOOKUP(I4,'TARIFS 12 2025'!B3:J502,9,FALSE),"") -> 0.86 | L4: =+K4*J4 -> 0 | M4: Cornflakes Country Farm | N4: =IFERROR(VLOOKUP(M4,'TARIFS 12 2025'!B3:J510,9,FALSE),"") -> 5.5 | O4: 0.75 | P4: =+O4*N4 -> 4.125
A5: Crème fraîche UHT Campina 35% 1L | B5: =IFERROR(VLOOKUP(A5,'TARIFS 12 2025'!B4:J461,9,FALSE),"") -> 3.92 | C5: 0.221 | D5: =+C5*B5 -> 0.86632 | E5: Crème pâtissière chocolat | F5: =IFERROR(VLOOKUP(E5,'TARIFS 12 2025'!B3:J497,9,FALSE),"") -> 1.9675 | G5: 0.065 | H5: =+G5*F5 -> 0.1278875 | I5: Farine T45 | J5: =IFERROR(VLOOKUP(I5,'TARIFS 12 2025'!B4:J503,9,FALSE),"") -> 1.05 | L5: =+K5*J5 -> 0 | M5: Sucre glace sac papier 10kG | N5: =IFERROR(VLOOKUP(M5,'TARIFS 12 2025'!B4:J511,9,FALSE),"") -> 1.11 | O5: 0.5 | P5: =+O5*N5 -> 0.555
A6: Sucre Crist Semoule 25kG | B6: =IFERROR(VLOOKUP(A6,'TARIFS 12 2025'!B5:J462,9,FALSE),"") -> 0.86 | C6: 0.221 | D6: =+C6*B6 -> 0.19006 | E6: Fondant chocolat | F6: =IFERROR(VLOOKUP(E6,'TARIFS 12 2025'!B5:J468,9,FALSE),"") -> 2.38 | G6: 0.01 | H6: =+G6*F6 -> 0.0238 | I6: Œuf Frais | J6: 2.72 | L6: =+K6*J6 -> 0 | M6: Couv noir 67% 10kG | N6: =IFERROR(VLOOKUP(M6,'TARIFS 12 2025'!B5:J512,9,FALSE),"") -> 12.78 | O6: 0.5 | P6: =+O6*N6 -> 6.39
A7: Œuf Frais | B7: =IFERROR(VLOOKUP(A7,'TARIFS 12 2025'!B6:J463,9,FALSE),"") -> 2.72 | C7: 0.177 | D7: =+C7*B7 -> 0.48144 | E7: Caissette Eclair 1201F70 | F7: 0.02 | G7: 1 | H7: =+G7*F7 -> 0.02 | J7: =IFERROR(VLOOKUP(I7,'TARIFS 12 2025'!B6:J505,9,FALSE),"") | L7: =+K7*J7 -> #VALUE! | M7: Végétaline | N7: =IFERROR(VLOOKUP(M7,'TARIFS 12 2025'!B6:J513,9,FALSE),"") -> 8.6 | O7: 0.5 | P7: =+O7*N7 -> 4.3
A8: Poudre crème pâtissière 25kG | B8: =IFERROR(VLOOKUP(A8,'TARIFS 12 2025'!B7:J463,9,FALSE),"") -> 3.09 | C8: 0.088 | D8: =+C8*B8 -> 0.27192 | F8: =IFERROR(VLOOKUP(E8,'TARIFS 12 2025'!B7:J472,9,FALSE),"") | J8: =IFERROR(VLOOKUP(I8,'TARIFS 12 2025'!B7:J506,9,FALSE),"") | L8: =+K8*J8 -> #VALUE! | N8: =IFERROR(VLOOKUP(M8,'TARIFS 12 2025'!B7:J514,9,FALSE),"")
F9: =IFERROR(VLOOKUP(E9,'TARIFS 12 2025'!B8:J473,9,FALSE),"") | J9: =IFERROR(VLOOKUP(I9,'TARIFS 12 2025'!B8:J507,9,FALSE),"") | L9: =+K9*J9 -> #VALUE! | N9: =IFERROR(VLOOKUP(M9,'TARIFS 12 2025'!B8:J515,9,FALSE),"")
F10: =IFERROR(VLOOKUP(E10,'TARIFS 12 2025'!B9:J474,9,FALSE),"") | J10: =IFERROR(VLOOKUP(I10,'TARIFS 12 2025'!B9:J508,9,FALSE),"") | L10: =+K10*J10 -> #VALUE! | N10: =IFERROR(VLOOKUP(M10,'TARIFS 12 2025'!B9:J516,9,FALSE),"")
B11: =IFERROR(VLOOKUP(A11,'TARIFS 12 2025'!B10:J466,9,FALSE),"") | J11: =IFERROR(VLOOKUP(I11,'TARIFS 12 2025'!B10:J509,9,FALSE),"") | N11: =IFERROR(VLOOKUP(M11,'TARIFS 12 2025'!B10:J517,9,FALSE),"")
B12: =IFERROR(VLOOKUP(A12,'TARIFS 12 2025'!B11:J469,9,FALSE),"") | J12: =IFERROR(VLOOKUP(I12,'TARIFS 12 2025'!B11:J510,9,FALSE),"") | N12: =IFERROR(VLOOKUP(M12,'TARIFS 12 2025'!B11:J518,9,FALSE),"")
B13: =IFERROR(VLOOKUP(A13,'TARIFS 12 2025'!B12:J470,9,FALSE),"") | J13: =IFERROR(VLOOKUP(I13,'TARIFS 12 2025'!B12:J511,9,FALSE),"") | N13: =IFERROR(VLOOKUP(M13,'TARIFS 12 2025'!B12:J519,9,FALSE),"")
B14: =IFERROR(VLOOKUP(A14,'TARIFS 12 2025'!B13:J471,9,FALSE),"") | J14: =IFERROR(VLOOKUP(I14,'TARIFS 12 2025'!B13:J512,9,FALSE),"") | N14: =IFERROR(VLOOKUP(M14,'TARIFS 12 2025'!B13:J520,9,FALSE),"")
J15: =IFERROR(VLOOKUP(I15,'TARIFS 12 2025'!B14:J513,9,FALSE),"") | N15: =IFERROR(VLOOKUP(M15,'TARIFS 12 2025'!B14:J521,9,FALSE),"")
C17: pour 1 | D17: =+SUM(D4:D15) -> 2.5081 | G17: pour 1 | H17: =+SUM(H4:H15) -> 0.18398901 | K17: pour 7,22 | L17: =+SUM(L4:L15) -> #VALUE! | O17: pour 2,25 | P17: =+SUM(P4:P15) -> 15.37
C18: pour 1 | D18: =+D17/8 -> 0.3135125 | G18: pour 1 | H18: =+H17 -> 0.18398901 | K18: pour 1 | L18: =+L17/50 -> #VALUE! | O18: pour 1 | P18: =+P17/2.25*0.05 -> 0.34155556
C20: Vendu HT | D20: 1.84 | G20: Vendu HT | H20: =2.7*0.945 -> 2.5515 | K20: Vendu HT | L20: 1.323 | N20: 1.83 | O20: Vendu HT | P20: =+N20*0.945 -> 1.72935
C21: Coef | D21: =+D20/D18 -> 5.8689845 | G21: Coef | H21: =+H20/H18 -> 13.867676 | K21: Coef | L21: =+L20/L18 -> #VALUE! | O21: Coef | P21: =+P20/P18 -> 5.0631588
O22: Marge | P22: =+(P20-P18)*100/P20 -> 80.249484
B25: Prix au kilo | C25: Quantité | F25: Prix au kilo | G25: Quantité | J25: Prix au kilo | K25: Quantité | N25: Prix au kilo | O25: Quantité
B26: =IFERROR(VLOOKUP(A26,'TARIFS 12 2025'!B3:J525,9,FALSE),"") | D26: =+C26*B26 -> #VALUE! | F26: =IFERROR(VLOOKUP(E26,'TARIFS 12 2025'!B3:J493,9,FALSE),"") | H26: =+G26*F26 -> #VALUE! | J26: =IFERROR(VLOOKUP(I26,'TARIFS 12 2025'!B3:J491,9,FALSE),"") | L26: =+K26*J26 -> #VALUE! | N26: =IFERROR(VLOOKUP(M26,'TARIFS 12 2025'!B3:J501,9,FALSE),"") | P26: =+O26*N26 -> #VALUE!
B27: =IFERROR(VLOOKUP(A27,'TARIFS 12 2025'!B4:J526,9,FALSE),"") | D27: =+C27*B27 -> #VALUE! | F27: =IFERROR(VLOOKUP(E27,'TARIFS 12 2025'!B4:J494,9,FALSE),"") | H27: =+G27*F27 -> #VALUE! | J27: =IFERROR(VLOOKUP(I27,'TARIFS 12 2025'!B4:J492,9,FALSE),"") | L27: =+K27*J27 -> #VALUE! | N27: =IFERROR(VLOOKUP(M27,'TARIFS 12 2025'!B4:J502,9,FALSE),"") | P27: =+O27*N27 -> #VALUE!
B28: =IFERROR(VLOOKUP(A28,'TARIFS 12 2025'!B5:J527,9,FALSE),"") | D28: =+C28*B28 -> #VALUE! | F28: =IFERROR(VLOOKUP(E28,'TARIFS 12 2025'!B5:J495,9,FALSE),"") | H28: =+G28*F28 -> #VALUE! | J28: =IFERROR(VLOOKUP(I28,'TARIFS 12 2025'!B5:J493,9,FALSE),"") | L28: =+K28*J28 -> #VALUE! | N28: =IFERROR(VLOOKUP(M28,'TARIFS 12 2025'!B5:J503,9,FALSE),"") | P28: =+O28*N28 -> #VALUE!
B29: =IFERROR(VLOOKUP(A29,'TARIFS 12 2025'!B6:J528,9,FALSE),"") | D29: =+C29*B29 -> #VALUE! | F29: =IFERROR(VLOOKUP(E29,'TARIFS 12 2025'!B6:J496,9,FALSE),"") | H29: =+G29*F29 -> #VALUE! | J29: =IFERROR(VLOOKUP(I29,'TARIFS 12 2025'!B6:J494,9,FALSE),"") | L29: =+K29*J29 -> #VALUE! | N29: =IFERROR(VLOOKUP(M29,'TARIFS 12 2025'!B6:J504,9,FALSE),"") | P29: =+O29*N29 -> #VALUE!
B30: =IFERROR(VLOOKUP(A30,'TARIFS 12 2025'!B7:J529,9,FALSE),"") | D30: =+C30*B30 -> #VALUE! | F30: =IFERROR(VLOOKUP(E30,'TARIFS 12 2025'!B7:J497,9,FALSE),"") | H30: =+G30*F30 -> #VALUE! | J30: =IFERROR(VLOOKUP(I30,'TARIFS 12 2025'!B7:J495,9,FALSE),"") | L30: =+K30*J30 -> #VALUE! | N30: =IFERROR(VLOOKUP(M30,'TARIFS 12 2025'!B7:J505,9,FALSE),"") | P30: =+O30*N30 -> #VALUE!
B31: =IFERROR(VLOOKUP(A31,'TARIFS 12 2025'!B8:J530,9,FALSE),"") | D31: =+C31*B31 -> #VALUE! | F31: =IFERROR(VLOOKUP(E31,'TARIFS 12 2025'!B8:J498,9,FALSE),"") | H31: =+G31*F31 -> #VALUE! | J31: =IFERROR(VLOOKUP(I31,'TARIFS 12 2025'!B8:J496,9,FALSE),"") | L31: =+K31*J31 -> #VALUE! | N31: =IFERROR(VLOOKUP(M31,'TARIFS 12 2025'!B8:J506,9,FALSE),"") | P31: =+O31*N31 -> #VALUE!
B32: =IFERROR(VLOOKUP(A32,'TARIFS 12 2025'!B9:J531,9,FALSE),"") | D32: =+C32*B32 -> #VALUE! | F32: =IFERROR(VLOOKUP(E32,'TARIFS 12 2025'!B9:J499,9,FALSE),"") | H32: =+G32*F32 -> #VALUE! | J32: =IFERROR(VLOOKUP(I32,'TARIFS 12 2025'!B9:J497,9,FALSE),"") | L32: =+K32*J32 -> #VALUE! | N32: =IFERROR(VLOOKUP(M32,'TARIFS 12 2025'!B9:J507,9,FALSE),"") | P32: =+O32*N32 -> #VALUE!
B33: =IFERROR(VLOOKUP(A33,'TARIFS 12 2025'!B10:J532,9,FALSE),"") | F33: =IFERROR(VLOOKUP(E33,'TARIFS 12 2025'!B10:J500,9,FALSE),"") | H33: =+G33*F33 -> #VALUE! | J33: =IFERROR(VLOOKUP(I33,'TARIFS 12 2025'!B10:J498,9,FALSE),"") | L33: =+K33*J33 -> #VALUE! | N33: =IFERROR(VLOOKUP(M33,'TARIFS 12 2025'!B10:J508,9,FALSE),"") | P33: =+O33*N33 -> #VALUE!
B34: =IFERROR(VLOOKUP(A34,'TARIFS 12 2025'!B11:J533,9,FALSE),"") | F34: =IFERROR(VLOOKUP(E34,'TARIFS 12 2025'!B11:J501,9,FALSE),"") | H34: =+G34*F34 -> #VALUE! | J34: =IFERROR(VLOOKUP(I34,'TARIFS 12 2025'!B11:J499,9,FALSE),"") | L34: =+K34*J34 -> #VALUE! | N34: =IFERROR(VLOOKUP(M34,'TARIFS 12 2025'!B11:J509,9,FALSE),"") | P34: =+O34*N34 -> #VALUE!
B35: =IFERROR(VLOOKUP(A35,'TARIFS 12 2025'!B12:J534,9,FALSE),"") | J35: =IFERROR(VLOOKUP(I35,'TARIFS 12 2025'!B12:J500,9,FALSE),"") | L35: =+K35*J35 -> #VALUE!
F36: =IFERROR(VLOOKUP(E36,'TARIFS 12 2025'!B13:J503,9,FALSE),"") | J36: =IFERROR(VLOOKUP(I36,'TARIFS 12 2025'!F13:N503,9,FALSE),"") | N36: =IFERROR(VLOOKUP(M36,'TARIFS 12 2025'!J13:R503,9,FALSE),"")
F37: =IFERROR(VLOOKUP(E37,'TARIFS 12 2025'!B14:J504,9,FALSE),"") | J37: =IFERROR(VLOOKUP(I37,'TARIFS 12 2025'!F14:N504,9,FALSE),"") | N37: =IFERROR(VLOOKUP(M37,'TARIFS 12 2025'!J14:R504,9,FALSE),"")
C39: pour 25 | D39: =+SUM(D26:D37) -> #VALUE! | G39: pour 44,72 | H39: =+SUM(H26:H37) -> #VALUE! | K39: pour 56 | L39: =+SUM(L26:L37) -> #VALUE! | O39: pour 112 | P39: =+SUM(P26:P37) -> #VALUE!
C40: pour 1 | D40: =+D39/25 -> #VALUE! | G40: pour 1 | H40: =+H39/44.72 -> #VALUE! | K40: pour 1 | L40: =+L39/56 -> #VALUE! | O40: pour 1 | P40: =+P39/112 -> #VALUE!
A41: 10750
C42: Vendu HT | D42: 1.7955 | G42: Vendu HT | H42: 1.75 | K42: Vendu HT | L42: 0.99 | O42: Vendu HT | P42: 0.9
C43: Coef | D43: =+D42/D40 -> #VALUE! | G43: Coef | H43: =+H42/H40 -> #VALUE! | K43: Coef | L43: =+L42/L40 -> #VALUE! | O43: Coef | P43: =+P42/P40 -> #VALUE!

Sheet TRAITEUR - BOULANGE
A1: Coeff souhaité | B1: 4
A2: BOMBAY | E2: DOUCEUR DES PRAIRIES | I2: BERGER | M2: BURGER POULET
B3: Prix au kilo | C3: Quantité | F3: Prix au kilo | G3: Quantité | J3: Prix au kilo | K3: Quantité | N3: Prix au kilo | O3: Quantité
A4: Pâte Tradition | B4: =IFERROR(VLOOKUP(A4,'TARIFS 12 2025'!B3:J487,9,FALSE),"") -> 0.11275431 | C4: 0.2 | D4: =+C4*B4 -> 0.022550862 | E4: Pâte Tradition | F4: =IFERROR(VLOOKUP(E4,'TARIFS 12 2025'!B3:J466,9,FALSE),"") -> 0.11275431 | G4: 0.18 | H4: =+G4*F4 -> 0.020295776 | I4: Pâte Tradition | J4: =IFERROR(VLOOKUP(I4,'TARIFS 12 2025'!B3:J502,9,FALSE),"") -> 0.11275431 | K4: 0.18 | L4: =+K4*J4 -> 0.020295776 | M4: Pain Burger | N4: =IFERROR(VLOOKUP(M4,'TARIFS 12 2025'!B3:J510,9,FALSE),"") -> 0.11812625 | O4: 1 | P4: =+O4*N4 -> 0.11812625
A5: Salade batavia sachet | B5: =IFERROR(VLOOKUP(A5,'TARIFS 12 2025'!B4:J461,9,FALSE),"") -> 4.95 | C5: 0.01 | D5: =+C5*B5 -> 0.0495 | E5: Mélange 6 Graines 25kG | F5: =IFERROR(VLOOKUP(E5,'TARIFS 12 2025'!B4:J469,9,FALSE),"")/5 -> 0.422 | G5: 0.02 | H5: =+G5*F5 -> 0.00844 | I5: Mélange 6 Graines 25kG | J5: =IFERROR(VLOOKUP(I5,'TARIFS 12 2025'!B4:J503,9,FALSE),"") -> 2.11 | K5: 0.02 | L5: =+K5*J5 -> 0.0422 | M5: Sauce Barbecue Lesieur 970mL | N5: =IFERROR(VLOOKUP(M5,'TARIFS 12 2025'!B4:J511,9,FALSE),"")/5 -> 0.538 | O5: 0.08 | P5: =+O5*N5 -> 0.04304
A6: Mayonnaise 5L | B6: =IFERROR(VLOOKUP(A6,'TARIFS 12 2025'!B5:J462,9,FALSE),"")/20 -> 0.54 | C6: 0.015 | D6: =+C6*B6 -> 0.0081 | E6: Mayonnaise 5L | F6: =IFERROR(VLOOKUP(E6,'TARIFS 12 2025'!B5:J470,9,FALSE),"") -> 10.8 | G6: 0.015 | H6: =+G6*F6 -> 0.162 | I6: Sauce Curry 950g | J6: =IFERROR(VLOOKUP(I6,'TARIFS 12 2025'!B5:J504,9,FALSE),"") -> 3.03 | K6: 0.015 | L6: =+K6*J6 -> 0.04545 | M6: Salade batavia sachet | N6: =IFERROR(VLOOKUP(M6,'TARIFS 12 2025'!B5:J512,9,FALSE),"") -> 4.95 | O6: 0.008 | P6: =+O6*N6 -> 0.0396
A7: Sauce Curry 950g | B7: =IFERROR(VLOOKUP(A7,'TARIFS 12 2025'!B6:J463,9,FALSE),"")/40 -> 0.07575 | C7: 0.015 | D7: =+C7*B7 -> 0.00113625 | E7: Sauce Curry 950g | F7: =IFERROR(VLOOKUP(E7,'TARIFS 12 2025'!B6:J471,9,FALSE),"") -> 3.03 | G7: 0.015 | H7: =+G7*F7 -> 0.04545 | I7: Mayonnaise 5L | J7: =IFERROR(VLOOKUP(I7,'TARIFS 12 2025'!B6:J505,9,FALSE),"") -> 10.8 | K7: 0.015 | L7: =+K7*J7 -> 0.162 | M7: Aiguillettes P.Pané CORNFLAKES 1kG | N7: =IFERROR(VLOOKUP(M7,'TARIFS 12 2025'!B6:J513,9,FALSE),"") -> 7.3 | O7: 0.045 | P7: =+O7*N7 -> 0.3285
A8: Brie kG | B8: =IFERROR(VLOOKUP(A8,'TARIFS 12 2025'!B7:J463,9,FALSE),"") -> 9.09 | C8: 0.035 | D8: =+C8*B8 -> 0.31815 | E8: Salade batavia sachet | F8: =IFERROR(VLOOKUP(E8,'TARIFS 12 2025'!B7:J472,9,FALSE),"") -> 4.95 | G8: 0.01 | H8: =+G8*F8 -> 0.0495 | I8: Salade batavia sachet | J8: =IFERROR(VLOOKUP(I8,'TARIFS 12 2025'!B7:J506,9,FALSE),"") -> 4.95 | K8: 0.01 | L8: =+K8*J8 -> 0.0495 | M8: Oignon frit 2,5kg | N8: =IFERROR(VLOOKUP(M8,'TARIFS 12 2025'!B7:J514,9,FALSE),"")/20 -> 0.271 | O8: 0.002 | P8: =+O8*N8 -> 0.000542
A9: Emincés poulet cuit Halal 2,5kg | B9: =IFERROR(VLOOKUP(A9,'TARIFS 12 2025'!B8:J464,9,FALSE),"") -> 7.4 | C9: 0.05 | D9: =+C9*B9 -> 0.37 | E9: Roti de porc cuit 14 tranches 500g | F9: =IFERROR(VLOOKUP(E9,'TARIFS 12 2025'!B8:J473,9,FALSE),"") -> 6.24 | G9: 0.036 | H9: =+G9*F9 -> 0.22464 | I9: Jambon Salaisons olonne | J9: =IFERROR(VLOOKUP(I9,'TARIFS 12 2025'!B8:J507,9,FALSE),"") | K9: 0.024 | L9: =+K9*J9 -> #VALUE! | M9: Cheddar | N9: =IFERROR(VLOOKUP(M9,'TARIFS 12 2025'!B8:J515,9,FALSE),"") | O9: =1/84 -> 0.011904762 | P9: =+O9*N9 -> #VALUE!
A10: Tomates rondes | B10: =IFERROR(VLOOKUP(A10,'TARIFS 12 2025'!B9:J465,9,FALSE),"") | C10: 0.03 | D10: =+C10*B10 -> #VALUE! | E10: Emmental Tranchette 40 tranches kG | F10: =IFERROR(VLOOKUP(E10,'TARIFS 12 2025'!B9:J474,9,FALSE),"") -> 0.19 | G10: 0.022 | H10: =+G10*F10 -> 0.00418 | I10: Chèvre Tranche 42mm 1,3kG | J10: =IFERROR(VLOOKUP(I10,'TARIFS 12 2025'!B9:J508,9,FALSE),"") -> 12.69 | K10: 0.018 | L10: =+K10*J10 -> 0.22842 | N10: =IFERROR(VLOOKUP(M10,'TARIFS 12 2025'!B9:J516,9,FALSE),"")
B11: =IFERROR(VLOOKUP(A11,'TARIFS 12 2025'!B10:J466,9,FALSE),"") | J11: =IFERROR(VLOOKUP(I11,'TARIFS 12 2025'!B10:J509,9,FALSE),"") | N11: =IFERROR(VLOOKUP(M11,'TARIFS 12 2025'!B10:J517,9,FALSE),"")
B12: =IFERROR(VLOOKUP(A12,'TARIFS 12 2025'!B11:J469,9,FALSE),"") | J12: =IFERROR(VLOOKUP(I12,'TARIFS 12 2025'!B11:J510,9,FALSE),"") | N12: =IFERROR(VLOOKUP(M12,'TARIFS 12 2025'!B11:J518,9,FALSE),"")
B13: =IFERROR(VLOOKUP(A13,'TARIFS 12 2025'!B12:J470,9,FALSE),"") | J13: =IFERROR(VLOOKUP(I13,'TARIFS 12 2025'!B12:J511,9,FALSE),"") | N13: =IFERROR(VLOOKUP(M13,'TARIFS 12 2025'!B12:J519,9,FALSE),"")
B14: =IFERROR(VLOOKUP(A14,'TARIFS 12 2025'!B13:J471,9,FALSE),"") | J14: =IFERROR(VLOOKUP(I14,'TARIFS 12 2025'!B13:J512,9,FALSE),"") | N14: =IFERROR(VLOOKUP(M14,'TARIFS 12 2025'!B13:J520,9,FALSE),"")
J15: =IFERROR(VLOOKUP(I15,'TARIFS 12 2025'!B14:J513,9,FALSE),"") | N15: =IFERROR(VLOOKUP(M15,'TARIFS 12 2025'!B14:J521,9,FALSE),"")
C17: pour 1 | D17: =+SUM(D4:D15) -> #VALUE! | G17: pour 1 | H17: =+SUM(H4:H15) -> 0.51450578 | K17: pour 1 | L17: =+SUM(L4:L15) -> #VALUE! | O17: pour 1 | P17: =+SUM(P4:P15) -> #VALUE!
C18: pour 1 | D18: =+D17 -> #VALUE! | G18: pour 1 | H18: =+H17 -> 0.51450578 | K18: pour 1 | L18: =+L17 -> #VALUE! | O18: pour 1 | P18: =+P17 -> #VALUE!
C20: Vendu HT | G20: Vendu HT | K20: Vendu HT | O20: Vendu HT
C21: Coef | D21: =+D20/D18 -> #VALUE! | G21: Coef | H21: =+H20/H18 -> 0 | K21: Coef | L21: =+L20/L18 -> #VALUE! | O21: Coef | P21: =+P20/P18 -> #VALUE!
C22: Marge | D22: =(D20-D18)/D20 -> #VALUE! | G22: Marge | H22: =(H20-H18)/H20 -> #DIV/0! | K22: Marge | L22: =(L20-L18)/L20 -> #VALUE! | P22: =(P20-P18)/P20 -> #VALUE!
A24: WRAP POULET | E24: WRAP THON | I24: SALADE JAMBON | M24: JAMBON BEURRE EMMENTAL
B25: Prix au kilo | C25: Quantité | F25: Prix au kilo | G25: Quantité | J25: Prix au kilo | K25: Quantité | N25: Prix au kilo | O25: Quantité
A26: Pots ronds wrap kraft | B26: =IFERROR(VLOOKUP(A26,'TARIFS 12 2025'!B3:J525,9,FALSE),"")/50 -> 0.0698 | C26: 1 | D26: =+C26*B26 -> 0.0698 | E26: Pots ronds wrap kraft | F26: 0.1 | G26: 1 | H26: =+G26*F26 -> 0.1 | I26: Pots rond Salade Kraft | J26: =IFERROR(VLOOKUP(I26,'TARIFS 12 2025'!B3:J491,9,FALSE),"") -> 5.823 | K26: 0.02 | L26: =+K26*J26 -> 0.11646 | M26: Pâte Tradition | N26: =IFERROR(VLOOKUP(M26,'TARIFS 12 2025'!B3:J501,9,FALSE),"") -> 0.11275431 | O26: 0.2 | P26: =+O26*N26 -> 0.022550862
A27: Tortillas Wraps 30cm | B27: =IFERROR(VLOOKUP(A27,'TARIFS 12 2025'!B4:J526,9,FALSE),"")/15 -> 0.25533333 | C27: 1 | D27: =+C27*B27 -> 0.25533333 | E27: Tortillas Wraps 30cm | F27: 0.3 | G27: 1 | H27: =+G27*F27 -> 0.3 | I27: Couvercle Salade | J27: =IFERROR(VLOOKUP(I27,'TARIFS 12 2025'!B4:J492,9,FALSE),"") -> 3.27 | K27: 0.02 | L27: =+K27*J27 -> 0.0654 | M27: Jambon Blanc Tranche | N27: =IFERROR(VLOOKUP(M27,'TARIFS 12 2025'!B4:J502,9,FALSE),"") -> 6.99 | O27: 0.02 | P27: =+O27*N27 -> 0.1398
A28: Emincés poulet cuit Halal 2,5kg | B28: =IFERROR(VLOOKUP(A28,'TARIFS 12 2025'!B5:J527,9,FALSE),"") -> 7.4 | C28: 0.04 | D28: =+C28*B28 -> 0.296 | E28: Thon morceaux 650gr | F28: =IFERROR(VLOOKUP(E28,'TARIFS 12 2025'!B5:J495,9,FALSE),"") -> 3.88 | G28: 0.05 | H28: =+G28*F28 -> 0.194 | I28: Salade batavia sachet | J28: =IFERROR(VLOOKUP(I28,'TARIFS 12 2025'!B5:J493,9,FALSE),"") -> 4.95 | K28: 0.035 | L28: =+K28*J28 -> 0.17325 | M28: Tartimalin Demi-sel 1kg | N28: =IFERROR(VLOOKUP(M28,'TARIFS 12 2025'!B5:J503,9,FALSE),"") | O28: 0.02 | P28: =+O28*N28 -> #VALUE!
A29: Mayonnaise 5L | B29: =IFERROR(VLOOKUP(A29,'TARIFS 12 2025'!B6:J528,9,FALSE),"") -> 10.8 | C29: 0.02 | D29: =+C29*B29 -> 0.216 | E29: Salade batavia sachet | F29: =IFERROR(VLOOKUP(E29,'TARIFS 12 2025'!B6:J496,9,FALSE),"") -> 4.95 | G29: 0.02 | H29: =+G29*F29 -> 0.099 | I29: Jambon Blanc Tranche | J29: =IFERROR(VLOOKUP(I29,'TARIFS 12 2025'!B6:J494,9,FALSE),"") -> 6.99 | K29: 0.02 | L29: =+K29*J29 -> 0.1398 | M29: Emmental Tranchette 40 tranches kG | N29: =IFERROR(VLOOKUP(M29,'TARIFS 12 2025'!B6:J504,9,FALSE),"") -> 0.19 | O29: 1.5 | P29: =+O29*N29 -> 0.285
A30: Tomates rondes | B30: =IFERROR(VLOOKUP(A30,'TARIFS 12 2025'!B7:J529,9,FALSE),"") -> 2.25 | C30: 0.03 | D30: =+C30*B30 -> 0.0675 | E30: Concombre vendéen | F30: =IFERROR(VLOOKUP(E30,'TARIFS 12 2025'!B7:J497,9,FALSE),"") -> 1.4 | G30: 0.025 | H30: =+G30*F30 -> 0.035 | I30: Emmental Dés 500gr | J30: =IFERROR(VLOOKUP(I30,'TARIFS 12 2025'!B7:J495,9,FALSE),"") -> 4.1 | K30: 0.04 | L30: =+K30*J30 -> 0.164 | N30: =IFERROR(VLOOKUP(M30,'TARIFS 12 2025'!B7:J505,9,FALSE),"")
A31: Bacon tranche 1kG | B31: =IFERROR(VLOOKUP(A31,'TARIFS 12 2025'!B8:J530,9,FALSE),"") -> 10.6 | C31: 0.01 | D31: =+C31*B31 -> 0.106 | E31: Maïs Boite 4/4 600g | F31: =IFERROR(VLOOKUP(E31,'TARIFS 12 2025'!B8:J498,9,FALSE),"") -> 2.05 | G31: 0.015 | H31: =+G31*F31 -> 0.03075 | I31: Tomate cerise barquette | J31: =IFERROR(VLOOKUP(I31,'TARIFS 12 2025'!B8:J496,9,FALSE),"") -> 2.25 | K31: 0.03 | L31: =+K31*J31 -> 0.0675 | N31: =IFERROR(VLOOKUP(M31,'TARIFS 12 2025'!B8:J506,9,FALSE),"")
A32: Salade batavia sachet | B32: =IFERROR(VLOOKUP(A32,'TARIFS 12 2025'!B9:J531,9,FALSE),"") -> 4.95 | C32: 0.02 | D32: =+C32*B32 -> 0.099 | F32: =IFERROR(VLOOKUP(E32,'TARIFS 12 2025'!B9:J499,9,FALSE),"") | J32: =IFERROR(VLOOKUP(I32,'TARIFS 12 2025'!B9:J497,9,FALSE),"") | N32: =IFERROR(VLOOKUP(M32,'TARIFS 12 2025'!B9:J507,9,FALSE),"")
B33: =IFERROR(VLOOKUP(A33,'TARIFS 12 2025'!B10:J532,9,FALSE),"") | F33: =IFERROR(VLOOKUP(E33,'TARIFS 12 2025'!B10:J500,9,FALSE),"") | J33: =IFERROR(VLOOKUP(I33,'TARIFS 12 2025'!B10:J498,9,FALSE),"") | N33: =IFERROR(VLOOKUP(M33,'TARIFS 12 2025'!B10:J508,9,FALSE),"")
B34: =IFERROR(VLOOKUP(A34,'TARIFS 12 2025'!B11:J533,9,FALSE),"") | F34: =IFERROR(VLOOKUP(E34,'TARIFS 12 2025'!B11:J501,9,FALSE),"") | J34: =IFERROR(VLOOKUP(I34,'TARIFS 12 2025'!B11:J499,9,FALSE),"") | N34: =IFERROR(VLOOKUP(M34,'TARIFS 12 2025'!B11:J509,9,FALSE),"")
B35: =IFERROR(VLOOKUP(A35,'TARIFS 12 2025'!B12:J534,9,FALSE),"") | J35: =IFERROR(VLOOKUP(I35,'TARIFS 12 2025'!B12:J500,9,FALSE),"")
B36: =IFERROR(VLOOKUP(A36,'TARIFS 12 2025'!B13:J535,9,FALSE),"") | F36: =IFERROR(VLOOKUP(E36,'TARIFS 12 2025'!B13:J503,9,FALSE),"") | J36: =IFERROR(VLOOKUP(I36,'TARIFS 12 2025'!F13:N503,9,FALSE),"") | N36: =IFERROR(VLOOKUP(M36,'TARIFS 12 2025'!J13:R503,9,FALSE),"")
F37: =IFERROR(VLOOKUP(E37,'TARIFS 12 2025'!B14:J504,9,FALSE),"") | J37: =IFERROR(VLOOKUP(I37,'TARIFS 12 2025'!F14:N504,9,FALSE),"") | N37: =IFERROR(VLOOKUP(M37,'TARIFS 12 2025'!J14:R504,9,FALSE),"")
C39: pour 1 | D39: =+SUM(D26:D37) -> 1.1096333 | G39: pour 1 | H39: =+SUM(H26:H37) -> 0.75875 | K39: pour 1 | L39: =+SUM(L26:L37) -> 0.72641 | O39: pour 1 | P39: =+SUM(P26:P37) -> #VALUE!
C40: pour 1 | D40: =+D39 -> 1.1096333 | G40: pour 1 | H40: =+H39 -> 0.75875 | K40: pour 1 | L40: =+L39 -> 0.72641 | O40: pour 1 | P40: =+P39 -> #VALUE!
A42: Tarif TTC | B42: 4.5 | C42: Vendu HT | D42: =+B42*0.945 -> 4.2525 | E42: Tarif TTC | F42: 4.5 | G42: Vendu HT | H42: =+F42*0.945 -> 4.2525 | I42: Tarif TTC | K42: Vendu HT | L42: =+J42*0.945 -> 0 | O42: Vendu HT | P42: =4.7*0.945 -> 4.4415
C43: Coef | D43: =+D42/D40 -> 3.832347 | G43: Coef | H43: =+H42/H40 -> 5.6046129 | K43: Coef | L43: =+L42/L40 -> 0 | O43: Coef | P43: =+P42/P40 -> #VALUE!
C44: Marge | D44: =(D42-D40)/D42 -> 0.7390633 | G44: Marge | H44: =(H42-H40)/H42 -> 0.82157554 | K44: Marge | L44: =(L42-L40)/L42 -> #DIV/0!
